"Longitude (x)","Latitude (y)","Station Name","Climate ID","Month","Day","Average Max. Temp. (°C)","Average Min. Temp. (°C)","Frequency of Precip. (%)","Highest Temp. (°C)","Highest Temp.Year","Highest Temp. Period","Highest Temp. Data Quality","Lowest Temp. (°C)","Lowest Temp. Year","Lowest Temp. Period","Lowest Temp. Data Quality","Greatest Precip. (mm)","Greatest Precip. Year","Greatest Precip. Period","Greatest Precip. Data Quality","Greatest Rainfall (mm)","Greatest Rainfall Year","Greatest Rainfall Period","Greatest Rainfall Data Quality","Greatest Snowfall (cm)","Greatest Snowfall Year","Greatest Snowfall Period","Greatest Snowfall Data Quality","Most Snow on the Ground (cm)","Most Snow on the Ground Year","Most Snow on the Ground Period","Most Snow on the Ground Data Quality"
"-114.02","51.11","CALGARY INT'L A","3031093","1","1","-2.7","-15.0","24.0","11.7","1962","1882-2012","","-35.6","1950","1882-2012","","12.7","1954","1882-2012","","0.0","1882","1882-2012","","12.7","1954","1882-2012","","30","1997","1955-2012",""
"-114.02","51.11","CALGARY INT'L A","3031093","1","2","-2.7","-15.1","24.0","12.2","1918","1882-2012","","-37.2","1950","1882-2012","","10.4","1951","1882-2012","","0.0","1882","1882-2012","","10.4","1951","1882-2012","","26","1997","1955-2012",""
"-114.02","51.11","CALGARY INT'L A","3031093","1","3","-2.8","-15.1","24.0","12.2","1918","1882-2012","","-37.2","1950","1882-2012","","25.4","1913","1882-2012","","0.0","1882","1882-2012","","25.4","1913","1882-2012","","23","1997","1955-2012",""
"-114.02","51.11","CALGARY INT'L A","3031093","1","4","-2.9","-15.2","24.0","15.3","2012","1882-2012","","-35.6","1966","1882-2012","","9.7","1937","1882-2012","","0.0","1882","1882-2012","","9.7","1937","1882-2012","","27","1996","1955-2012",""
"-114.02","51.11","CALGARY INT'L A","3031093","1","5","-2.9","-15.3","24.0","12.1","2006","1882-2012","","-37.8","1909","1882-2012","","13.6","1989","1882-2012","","0.8","1969","1882-2012","","17.6","1989","1882-2012","","27","1996","1955-2012",""
"-114.02","51.11","CALGARY INT'L A","3031093","1","6","-3.0","-15.3","24.0","16.3","2003","1882-2012","","-35.6","1930","1882-2012","","15.2","1887","1882-2012","","0.2","2006","1882-2012","","15.2","1887","1882-2012","","30","1967","1955-2012",""
"-114.02","51.11","CALGARY INT'L A","3031093","1","7","-3.0","-15.3","24.0","17.6","2003","1885-2012","","-41.1","1909","1885-2012","","11.9","1949","1882-2012","","7.6","1902","1882-2012","","11.9","1949","1882-2012","","30","1967","1955-2012",""
"-114.02","51.11","CALGARY INT'L A","3031093","1","8","-3.0","-15.4","24.0","15.0","1928","1882-2012","","-37.2","1909","1882-2012","","8.1","1963","1882-2012","","0.0","1882","1882-2012","","11.2","1997","1882-2012","","30","1967","1955-2012",""
"-114.02","51.11","CALGARY INT'L A","3031093","1","9","-3.1","-15.4","24.0","14.4","1943","1882-2012","","-33.0","1993","1882-2012","","6.4","1889","1882-2012","","0.0","1882","1882-2012","","6.4","1889","1882-2012","","31","1997","1955-2012",""
"-114.02","51.11","CALGARY INT'L A","3031093","1","10","-3.1","-15.4","24.0","16.5","1987","1882-2012","","-35.0","1911","1882-2012","","5.1","1890","1882-2012","","0.0","1882","1882-2012","","5.4","1997","1882-2012","","36","1997","1955-2012",""
"-114.02","51.11","CALGARY INT'L A","3031093","1","11","-3.1","-15.4","24.0","14.4","1987","1882-2012","","-39.7","1997","1882-2012","","20.3","1935","1882-2012","","0.0","1882","1882-2012","","20.3","1935","1882-2012","","36","1997","1955-2012",""
"-114.02","51.11","CALGARY INT'L A","3031093","1","12","-3.1","-15.4","24.0","13.0","1986","1882-2012","","-42.2","1911","1882-2012","","3.8","1920","1882-2012","","0.3","1980","1882-2012","","3.8","1920","1882-2012","","36","1997","1955-2012",""
"-114.02","51.11","CALGARY INT'L A","3031093","1","13","-3.1","-15.4","24.0","12.3","1986","1882-2012","","-42.2","1911","1882-2012","","12.7","1896","1882-2012","","0.0","1882","1882-2012","","12.7","1896","1882-2012","","36","1997","1955-2012",""
"-114.02","51.11","CALGARY INT'L A","3031093","1","14","-3.1","-15.4","24.0","11.2","2004","1882-2012","","-37.2","1907","1882-2012","","15.2","1943","1882-2012","","4.1","1949","1882-2012","","15.2","1943","1882-2012","","33","1997","1955-2012",""
"-114.02","51.11","CALGARY INT'L A","3031093","1","15","-3.1","-15.4","24.0","13.3","1965","1882-2012","","-37.8","1896","1882-2012","","17.8","1921","1882-2012","","0.0","1882","1882-2012","","17.8","1921","1882-2012","","28","1997","1955-2012",""
"-114.02","51.11","CALGARY INT'L A","3031093","1","16","-3.1","-15.4","24.0","11.7","1965","1882-2012","","-39.4","1954","1882-2012","","5.1","1890","1882-2012","","0.0","1882","1882-2012","","5.1","1890","1882-2012","","27","1997","1955-2012",""
"-114.02","51.11","CALGARY INT'L A","3031093","1","17","-3.0","-15.3","24.0","12.2","1976","1882-2012","","-40.6","1950","1882-2012","","3.6","1924","1882-2012","","0.2","2001","1882-2012","","6.0","2007","1882-2012","","26","1956","1955-2012",""
"-114.02","51.11","CALGARY INT'L A","3031093","1","18","-3.0","-15.3","24.0","14.2","2009","1882-2012","","-37.8","1935","1882-2012","","5.6","1914","1882-2012","","1.4","1977","1882-2012","","5.6","1914","1882-2012","","26","1956","1955-2012",""
"-114.02","51.11","CALGARY INT'L A","3031093","1","19","-2.9","-15.2","24.0","15.4","1981","1882-2012","","-39.4","1886","1882-2012","","5.1","1920","1882-2012","","0.0","1882","1882-2012","","6.6","2008","1882-2012","","22","1956","1955-2012",""
"-114.02","51.11","CALGARY INT'L A","3031093","1","20","-2.9","-15.2","24.0","16.3","1981","1882-2012","","-40.0","1886","1882-2012","","7.6","1905","1882-2012","","0.3","1963","1882-2012","","7.6","1905","1882-2012","","21","1956","1955-2012",""
"-114.02","51.11","CALGARY INT'L A","3031093","1","21","-2.8","-15.1","24.0","15.0","1942","1882-2012","","-43.3","1943","1882-2012","","5.1","1897","1882-2012","","0.3","1948","1882-2012","","6.1","1965","1882-2012","","20","1956","1955-2012",""
"-114.02","51.11","CALGARY INT'L A","3031093","1","22","-2.8","-15.0","24.0","14.1","1981","1882-2012","","-38.3","1886","1882-2012","","5.3","1954","1882-2012","","0.2","2007","1882-2012","","5.3","1954","1882-2012","","20","1956","1955-2012",""
"-114.02","51.11","CALGARY INT'L A","3031093","1","23","-2.7","-14.9","24.0","14.4","1892","1882-2012","","-38.9","1943","1882-2012","","15.2","1937","1882-2012","","0.0","1882","1882-2012","","15.2","1937","1882-2012","","19","1956","1955-2012",""
"-114.02","51.11","CALGARY INT'L A","3031093","1","24","-2.6","-14.9","24.0","13.0","2005","1882-2012","","-40.0","1954","1882-2012","","7.6","1893","1882-2012","","0.7","1978","1882-2012","","11.2","2004","1882-2012","","24","1997","1955-2012",""
"-114.02","51.11","CALGARY INT'L A","3031093","1","25","-2.5","-14.8","24.0","13.1","2007","1882-2012","","-38.6","1997","1882-2012","","10.7","1914","1882-2012","","0.3","1953","1882-2012","","12.9","1978","1882-2012","","24","1997","1955-2012",""
"-114.02","51.11","CALGARY INT'L A","3031093","1","26","-2.4","-14.6","24.0","13.7","1986","1882-2012","","-38.3","1916","1882-2012","","13.5","1956","1882-2012","","0.0","1882","1882-2012","","13.5","1956","1882-2012","","30","1978","1955-2012",""
"-114.02","51.11","CALGARY INT'L A","3031093","1","27","-2.3","-14.5","24.0","13.2","2011","1882-2012","","-40.6","1916","1882-2012","","5.8","1970","1882-2012","","0.0","1882","1882-2012","","11.9","1970","1882-2012","","30","1978","1955-2012",""
"-114.02","51.11","CALGARY INT'L A","3031093","1","28","-2.2","-14.4","24.0","13.9","1940","1882-2012","","-42.8","1929","1882-2012","","12.7","1905","1882-2012","","0.0","1882","1882-2012","","12.7","1905","1882-2012","","32","1978","1955-2012",""
"-114.02","51.11","CALGARY INT'L A","3031093","1","29","-2.1","-14.3","24.0","15.6","1931","1882-2012","","-40.0","1929","1882-2012","","15.2","1899","1882-2012","","0.5","1986","1882-2012","","15.2","1899","1882-2012","","34","1956","1955-2012",""
"-114.02","51.11","CALGARY INT'L A","3031093","1","30","-2.0","-14.1","24.0","14.4","1993","1882-2012","","-42.2","1893","1882-2012","","6.6","1971","1882-2012","","0.0","1882","1882-2012","","7.6","1971","1882-2012","","34","1956","1955-2012",""
"-114.02","51.11","CALGARY INT'L A","3031093","1","31","-1.9","-14.0","24.0","13.9","1924","1882-2012","","-44.4","1893","1882-2012","","3.8","1891","1882-2012","","0.0","1882","1882-2012","","6.0","2006","1882-2012","","33","1956","1955-2012",""
"-114.02","51.11","CALGARY INT'L A","3031093","2","1","-1.8","-13.8","24.0","14.4","1906","1882-2012","","-42.2","1893","1882-2012","","3.8","1890","1882-2012","","0.0","1882","1882-2012","","3.8","1890","1882-2012","","33","1956","1955-2012",""
"-114.02","51.11","CALGARY INT'L A","3031093","2","2","-1.6","-13.7","24.0","16.1","1906","1882-2012","","-42.2","1893","1882-2012","","7.6","1901","1882-2012","","0.3","1959","1882-2012","","7.6","1901","1882-2012","","32","1978","1955-2012",""
"-114.02","51.11","CALGARY INT'L A","3031093","2","3","-1.5","-13.5","24.0","15.3","2005","1882-2012","","-42.8","1893","1882-2012","","9.4","1948","1882-2012","","0.0","1882","1882-2012","","9.4","1948","1882-2012","","29","1978","1955-2012",""
"-114.02","51.11","CALGARY INT'L A","3031093","2","4","-1.4","-13.4","24.0","16.2","1992","1882-2012","","-45.0","1893","1882-2012","","7.6","1973","1882-2012","","0.0","1882","1882-2012","","12.4","1973","1882-2012","","29","1978","1955-2012",""
"-114.02","51.11","CALGARY INT'L A","3031093","2","5","-1.2","-13.3","24.0","17.4","1984","1885-2012","","-37.8","1893","1885-2012","","7.6","1896","1885-2012","","0.0","1885","1885-2012","","7.6","1896","1885-2012","","27","1978","1955-2012",""
"-114.02","51.11","CALGARY INT'L A","3031093","2","6","-1.1","-13.1","24.0","16.4","1987","1885-2012","","-38.9","1895","1885-2012","","7.6","1952","1885-2012","","0.0","1885","1885-2012","","7.6","1952","1885-2012","","26","1978","1955-2012",""
"-114.02","51.11","CALGARY INT'L A","3031093","2","7","-1.0","-13.0","24.0","16.1","1954","1885-2012","","-37.8","1936","1885-2012","","10.2","1902","1885-2012","","0.0","1885","1885-2012","","10.2","1902","1885-2012","","25","1978","1955-2012",""
"-114.02","51.11","CALGARY INT'L A","3031093","2","8","-0.9","-12.8","24.0","17.2","1954","1885-2012","","-36.7","1939","1885-2012","","19.3","1888","1885-2012","","0.2","2000","1885-2012","","19.3","1888","1885-2012","","23","1978","1955-2012",""
"-114.02","51.11","CALGARY INT'L A","3031093","2","9","-0.7","-12.7","24.0","14.4","1926","1885-2012","","-41.1","1939","1885-2012","","10.0","2000","1885-2012","","0.0","1885","1885-2012","","13.2","2000","1885-2012","","26","1978","1955-2012",""
"-114.02","51.11","CALGARY INT'L A","3031093","2","10","-0.6","-12.5","24.0","13.9","1926","1885-2012","","-37.8","1939","1885-2012","","27.7","1951","1885-2012","","2.0","1953","1885-2012","","27.7","1951","1885-2012","","27","1978","1955-2012",""
"-114.02","51.11","CALGARY INT'L A","3031093","2","11","-0.5","-12.4","24.0","14.4","1924","1885-2012","","-37.8","1899","1885-2012","","7.9","1928","1885-2012","","2.8","1928","1885-2012","","7.4","1961","1885-2012","","33","1978","1955-2012",""
"-114.02","51.11","CALGARY INT'L A","3031093","2","12","-0.4","-12.3","24.0","18.9","1934","1882-2012","","-37.2","1909","1882-2012","","12.7","1926","1882-2012","","0.0","1882","1882-2012","","12.7","1926","1882-2012","","36","1978","1955-2012",""
"-114.02","51.11","CALGARY INT'L A","3031093","2","13","-0.3","-12.1","24.0","13.5","1996","1882-2012","","-34.4","1923","1882-2012","","10.2","1918","1882-2012","","0.4","2011","1882-2012","","10.2","1918","1882-2012","","37","1978","1955-2012",""
"-114.02","51.11","CALGARY INT'L A","3031093","2","14","-0.2","-12.0","24.0","12.2","1916","1882-2012","","-39.4","1923","1882-2012","","17.8","1924","1882-2012","","0.0","1882","1882-2012","","17.8","1924","1882-2012","","37","1978","1955-2012",""
"-114.02","51.11","CALGARY INT'L A","3031093","2","15","0.0","-11.9","24.0","15.6","1916","1882-2012","","-37.2","1936","1882-2012","","7.6","1898","1882-2012","","3.8","1928","1882-2012","","7.6","1898","1882-2012","","37","1978","1955-2012",""
"-114.02","51.11","CALGARY INT'L A","3031093","2","16","0.1","-11.7","24.0","15.6","1935","1882-2012","","-37.8","1936","1882-2012","","8.4","1952","1882-2012","","0.2","1991","1882-2012","","8.4","1952","1882-2012","","34","1978","1955-2012",""
"-114.02","51.11","CALGARY INT'L A","3031093","2","17","0.2","-11.6","24.0","16.7","1930","1882-2012","","-40.6","1882","1882-2012","","5.6","1913","1882-2012","","0.0","1882","1882-2012","","5.6","1913","1882-2012","","32","1978","1955-2012",""
"-114.02","51.11","CALGARY INT'L A","3031093","2","18","0.3","-11.5","24.0","18.9","1916","1882-2012","","-40.0","1882","1882-2012","","9.7","1914","1882-2012","","0.0","1882","1882-2012","","9.7","1914","1882-2012","","30","1978","1955-2012",""
"-114.02","51.11","CALGARY INT'L A","3031093","2","19","0.4","-11.3","24.0","17.8","1916","1882-2012","","-37.5","1986","1882-2012","","22.4","1920","1882-2012","","2.5","1888","1882-2012","","22.4","1920","1882-2012","","24","1978","1955-2012",""
"-114.02","51.11","CALGARY INT'L A","3031093","2","20","0.5","-11.2","24.0","17.6","1995","1882-2012","","-35.0","1890","1882-2012","","18.8","1919","1882-2012","","0.0","1882","1882-2012","","18.8","1919","1882-2012","","20","1969","1955-2012",""
"-114.02","51.11","CALGARY INT'L A","3031093","2","21","0.6","-11.1","24.0","16.7","1908","1882-2012","","-32.8","1891","1882-2012","","17.0","1961","1882-2012","","0.0","1882","1882-2012","","26.7","1961","1882-2012","","20","1969","1955-2012",""
"-114.02","51.11","CALGARY INT'L A","3031093","2","22","0.8","-10.9","24.0","14.4","1970","1882-2012","","-36.7","1899","1882-2012","","10.2","1935","1882-2012","","0.0","1882","1882-2012","","14.4","2006","1882-2012","","28","1969","1955-2012",""
"-114.02","51.11","CALGARY INT'L A","3031093","2","23","0.9","-10.8","24.0","15.6","1908","1882-2012","","-32.2","1889","1882-2012","","19.3","1947","1882-2012","","0.3","1963","1882-2012","","19.3","1947","1882-2012","","28","1969","1955-2012",""
"-114.02","51.11","CALGARY INT'L A","3031093","2","24","1.0","-10.7","24.0","16.1","1988","1882-2012","","-32.2","1940","1882-2012","","8.4","1960","1882-2012","","0.0","1882","1882-2012","","11.0","1998","1882-2012","","28","1969","1955-2012",""
"-114.02","51.11","CALGARY INT'L A","3031093","2","25","1.1","-10.6","24.0","18.6","1992","1882-2012","","-37.8","1890","1882-2012","","5.8","1969","1882-2012","","0.0","1882","1882-2012","","6.9","1969","1882-2012","","28","1969","1955-2012",""
"-114.02","51.11","CALGARY INT'L A","3031093","2","26","1.2","-10.5","24.0","19.6","1992","1882-2012","","-33.9","1890","1882-2012","","14.7","1953","1882-2012","","6.4","1885","1882-2012","","14.7","1953","1882-2012","","33","1969","1955-2012",""
"-114.02","51.11","CALGARY INT'L A","3031093","2","27","1.3","-10.3","24.0","22.6","1992","1882-2012","","-32.8","1955","1882-2012","","15.2","1896","1882-2012","","5.1","1965","1882-2012","","15.2","1896","1882-2012","","33","1969","1955-2012",""
"-114.02","51.11","CALGARY INT'L A","3031093","2","28","1.4","-10.2","24.0","19.4","1992","1882-2012","","-31.1","1962","1882-2012","","15.2","1896","1882-2012","","0.4","1983","1882-2012","","15.2","1896","1882-2012","","30","1969","1955-2012",""
"-114.02","51.11","CALGARY INT'L A","3031093","2","29","1.4","-10.2","24.0","17.0","1992","1888-2012","","-28.9","1972","1888-2012","","6.4","1932","1888-2012","","0.0","1888","1888-2012","","6.4","1932","1888-2012","","18","1972","1956-2012",""
"-114.02","51.11","CALGARY INT'L A","3031093","3","1","1.5","-10.1","30.0","16.7","1905","1882-2012","","-36.1","1919","1882-2012","","7.6","1941","1882-2012","","0.4","1983","1882-2012","","7.6","1941","1882-2012","","30","1969","1955-2012",""
"-114.02","51.11","CALGARY INT'L A","3031093","3","2","1.6","-10.0","30.0","18.9","1905","1882-2012","","-33.9","1888","1882-2012","","10.2","1939","1882-2012","","0.3","1938","1882-2012","","10.2","1939","1882-2012","","30","1969","1955-2012",""
"-114.02","51.11","CALGARY INT'L A","3031093","3","3","1.7","-9.9","30.0","16.7","1931","1882-2012","","-36.7","1896","1882-2012","","15.2","1924","1882-2012","","4.2","2009","1882-2012","","15.2","1924","1882-2012","","30","1969","1955-2012",""
"-114.02","51.11","CALGARY INT'L A","3031093","3","4","1.8","-9.7","30.0","20.5","1987","1882-2012","","-31.7","1947","1882-2012","","6.4","1956","1882-2012","","0.5","1940","1882-2012","","8.6","1991","1882-2012","","30","1969","1955-2012",""
"-114.02","51.11","CALGARY INT'L A","3031093","3","5","1.9","-9.6","30.0","19.4","1987","1882-2012","","-34.4","1947","1882-2012","","8.1","1950","1882-2012","","0.0","1882","1882-2012","","9.2","2002","1882-2012","","25","1969","1955-2012",""
"-114.02","51.11","CALGARY INT'L A","3031093","3","6","2.1","-9.5","30.0","17.2","1889","1882-2012","","-36.7","1951","1882-2012","","11.4","1939","1882-2012","","0.0","1882","1882-2012","","11.4","1939","1882-2012","","25","1969","1955-2012",""
"-114.02","51.11","CALGARY INT'L A","3031093","3","7","2.2","-9.3","30.0","17.8","1885","1882-2012","","-36.7","1951","1882-2012","","8.9","1898","1882-2012","","0.8","2005","1882-2012","","9.0","2009","1882-2012","","25","1969","1955-2012",""
"-114.02","51.11","CALGARY INT'L A","3031093","3","8","2.3","-9.2","30.0","18.9","1885","1882-2012","","-37.2","1951","1882-2012","","6.1","1907","1882-2012","","0.2","1983","1882-2012","","6.1","1907","1882-2012","","25","1969","1955-2012",""
"-114.02","51.11","CALGARY INT'L A","3031093","3","9","2.5","-9.0","30.0","16.7","1944","1882-2012","","-37.2","1951","1882-2012","","12.7","1921","1882-2012","","0.3","1965","1882-2012","","12.7","1921","1882-2012","","28","1969","1955-2012",""
"-114.02","51.11","CALGARY INT'L A","3031093","3","10","2.6","-8.9","30.0","18.9","1934","1882-2012","","-32.2","1951","1882-2012","","18.5","1952","1882-2012","","0.8","1976","1882-2012","","18.5","1952","1882-2012","","30","1969","1955-2012",""
"-114.02","51.11","CALGARY INT'L A","3031093","3","11","2.8","-8.8","30.0","20.6","2005","1882-2012","","-36.7","1951","1882-2012","","12.7","1903","1882-2012","","2.0","1983","1882-2012","","12.7","1903","1882-2012","","30","1969","1955-2012",""
"-114.02","51.11","CALGARY INT'L A","3031093","3","12","3.0","-8.6","30.0","19.4","1914","1882-2012","","-35.0","1921","1882-2012","","17.8","1923","1882-2012","","2.0","1916","1882-2012","","17.8","1923","1882-2012","","28","1969","1955-2012",""
"-114.02","51.11","CALGARY INT'L A","3031093","3","13","3.1","-8.4","30.0","18.9","1914","1882-2012","","-32.2","1921","1882-2012","","24.1","1889","1882-2012","","3.0","1947","1882-2012","","24.1","1889","1882-2012","","28","1969","1955-2012",""
"-114.02","51.11","CALGARY INT'L A","3031093","3","14","3.3","-8.3","30.0","16.7","1910","1882-2012","","-35.0","1939","1882-2012","","11.4","1928","1882-2012","","2.5","1947","1882-2012","","11.4","1928","1882-2012","","25","1969","1955-2012",""
"-114.02","51.11","CALGARY INT'L A","3031093","3","15","3.5","-8.1","30.0","17.8","1885","1882-2012","","-32.8","1943","1882-2012","","11.4","1927","1882-2012","","4.6","1908","1882-2012","","11.4","1927","1882-2012","","25","1969","1955-2012",""
"-114.02","51.11","CALGARY INT'L A","3031093","3","16","3.7","-8.0","30.0","17.8","1910","1882-2012","","-31.1","1902","1882-2012","","25.0","1998","1882-2012","","4.1","2003","1882-2012","","24.0","1998","1882-2012","","20","1969","1955-2012",""
"-114.02","51.11","CALGARY INT'L A","3031093","3","17","3.9","-7.8","30.0","17.8","1885","1882-2012","","-26.1","1989","1882-2012","","14.2","1906","1882-2012","","2.3","1944","1882-2012","","15.0","1998","1882-2012","","34","1998","1955-2012",""
"-114.02","51.11","CALGARY INT'L A","3031093","3","18","4.1","-7.6","30.0","18.3","1928","1882-2012","","-27.2","1882","1882-2012","","10.2","1930","1882-2012","","2.0","2004","1882-2012","","10.2","1930","1882-2012","","38","1998","1955-2012",""
"-114.02","51.11","CALGARY INT'L A","3031093","3","19","4.3","-7.5","30.0","18.9","1928","1882-2012","","-31.1","1882","1882-2012","","20.3","1937","1882-2012","","0.3","1940","1882-2012","","20.3","1937","1882-2012","","28","1998","1955-2012",""
"-114.02","51.11","CALGARY INT'L A","3031093","3","20","4.6","-7.3","30.0","20.0","1928","1882-2012","","-31.7","1882","1882-2012","","20.3","1896","1882-2012","","0.3","1970","1882-2012","","20.3","1896","1882-2012","","28","1998","1955-2012",""
"-114.02","51.11","CALGARY INT'L A","3031093","3","21","4.8","-7.1","30.0","19.4","1910","1882-2012","","-27.4","2002","1882-2012","","7.6","1931","1882-2012","","5.2","1984","1882-2012","","7.6","1931","1882-2012","","20","1998","1955-2012",""
"-114.02","51.11","CALGARY INT'L A","3031093","3","22","5.0","-6.9","30.0","20.0","1926","1882-2012","","-26.7","1899","1882-2012","","15.2","2009","1882-2012","","6.3","1991","1882-2012","","16.8","2009","1882-2012","","18","1998","1955-2012",""
"-114.02","51.11","CALGARY INT'L A","3031093","3","23","5.3","-6.7","30.0","20.0","1889","1882-2012","","-28.9","1964","1882-2012","","23.4","1910","1882-2012","","23.4","1910","1882-2012","","13.0","2000","1882-2012","","29","1998","1955-2012",""
"-114.02","51.11","CALGARY INT'L A","3031093","3","24","5.5","-6.5","30.0","19.0","1999","1885-2012","","-30.6","1955","1882-2012","","12.2","1914","1882-2012","","1.6","1983","1882-2012","","12.2","1914","1882-2012","","25","1998","1955-2012",""
"-114.02","51.11","CALGARY INT'L A","3031093","3","25","5.8","-6.3","30.0","21.1","1885","1882-2012","","-27.8","1898","1885-2012","","10.2","1932","1882-2012","","7.6","1886","1882-2012","","10.2","1932","1882-2012","","18","1998","1955-2012",""
"-114.02","51.11","CALGARY INT'L A","3031093","3","26","6.0","-6.2","30.0","15.7","1992","1882-2012","","-27.8","1914","1882-2012","","7.5","2001","1882-2012","","6.3","1981","1882-2012","","10.2","1993","1882-2012","","15","1998","1955-2012",""
"-114.02","51.11","CALGARY INT'L A","3031093","3","27","6.3","-6.0","30.0","19.3","1986","1882-2012","","-26.1","1898","1882-2012","","10.2","1928","1882-2012","","0.3","1885","1882-2012","","10.5","2007","1882-2012","","13","1971","1955-2012",""
"-114.02","51.11","CALGARY INT'L A","3031093","3","28","6.6","-5.8","30.0","20.6","1930","1882-2012","","-27.2","1965","1882-2012","","8.9","1882","1882-2012","","0.5","1946","1882-2012","","8.9","1882","1882-2012","","13","1965","1955-2012",""
"-114.02","51.11","CALGARY INT'L A","3031093","3","29","6.8","-5.5","30.0","22.2","1966","1882-2012","","-21.7","1890","1882-2012","","15.4","1981","1882-2012","","14.4","1981","1882-2012","","10.2","1899","1882-2012","","13","1965","1955-2012",""
"-114.02","51.11","CALGARY INT'L A","3031093","3","30","7.1","-5.3","30.0","25.4","2004","1882-2012","","-20.6","1899","1882-2012","","11.9","1981","1882-2012","","4.8","1981","1882-2012","","12.2","1971","1882-2012","","15","1996","1955-2012",""
"-114.02","51.11","CALGARY INT'L A","3031093","3","31","7.4","-5.1","30.0","21.1","1906","1882-2012","","-24.4","1899","1882-2012","","13.5","1945","1882-2012","","0.8","2003","1882-2012","","13.5","1945","1882-2012","","20","1996","1955-2012",""
"-114.02","51.11","CALGARY INT'L A","3031093","4","1","7.7","-4.9","30.0","20.0","1992","1882-2012","","-23.9","1899","1882-2012","","17.8","1931","1882-2012","","5.1","1916","1882-2012","","19.6","1968","1882-2012","","23","1996","1955-2012",""
"-114.02","51.11","CALGARY INT'L A","3031093","4","2","8.0","-4.7","30.0","24.4","1992","1882-2012","","-30.0","1954","1882-2012","","17.8","2011","1882-2012","","1.5","1939","1882-2012","","21.0","2011","1882-2012","","30","1968","1955-2012",""
"-114.02","51.11","CALGARY INT'L A","3031093","4","3","8.3","-4.5","30.0","21.1","1944","1882-2012","","-24.4","1899","1882-2012","","8.9","1921","1882-2012","","1.5","1939","1882-2012","","8.9","1921","1882-2012","","30","1968","1955-2012",""
"-114.02","51.11","CALGARY INT'L A","3031093","4","4","8.6","-4.3","30.0","20.0","1944","1882-2012","","-25.0","1911","1882-2012","","10.4","1958","1882-2012","","5.3","1958","1882-2012","","8.0","1992","1882-2012","","30","1968","1955-2012",""
"-114.02","51.11","CALGARY INT'L A","3031093","4","5","8.9","-4.1","30.0","24.4","1889","1882-2012","","-22.2","1975","1882-2012","","8.6","2006","1882-2012","","8.6","2006","1882-2012","","10.9","1964","1882-2012","","18","1968","1955-2012",""
"-114.02","51.11","CALGARY INT'L A","3031093","4","6","9.1","-3.9","30.0","22.2","1889","1882-2012","","-22.2","1948","1882-2012","","10.2","1921","1882-2012","","4.0","2006","1882-2012","","10.2","1921","1882-2012","","13","2003","1955-2012",""
"-114.02","51.11","CALGARY INT'L A","3031093","4","7","9.4","-3.7","30.0","24.4","1930","1882-2012","","-18.9","1948","1882-2012","","15.2","1935","1882-2012","","3.0","1896","1882-2012","","15.2","1935","1882-2012","","13","1982","1955-2012",""
"-114.02","51.11","CALGARY INT'L A","3031093","4","8","9.7","-3.5","30.0","25.0","1977","1882-2012","","-13.8","1997","1882-2012","","17.8","1922","1882-2012","","4.2","2006","1882-2012","","17.8","1922","1882-2012","","11","1982","1955-2012",""
"-114.02","51.11","CALGARY INT'L A","3031093","4","9","9.9","-3.3","30.0","21.0","1996","1885-2012","","-18.9","1945","1885-2012","","17.3","1958","1885-2012","","10.2","2007","1885-2012","","14.2","1958","1885-2012","","13","1975","1955-2012",""
"-114.02","51.11","CALGARY INT'L A","3031093","4","10","10.2","-3.1","30.0","22.8","1889","1885-2012","","-14.7","1990","1885-2012","","15.2","1920","1885-2012","","10.2","1894","1885-2012","","23.4","2008","1885-2012","","13","1975","1955-2012",""
"-114.02","51.11","CALGARY INT'L A","3031093","4","11","10.4","-2.9","30.0","22.8","1913","1885-2012","","-21.7","1940","1885-2012","","10.9","1952","1885-2012","","10.9","1952","1885-2012","","8.1","1894","1885-2012","","11","1980","1955-2012",""
"-114.02","51.11","CALGARY INT'L A","3031093","4","12","10.7","-2.7","30.0","26.7","1913","1885-2012","","-16.7","1948","1885-2012","","27.8","2012","1885-2012","","10.1","2012","1885-2012","","17.7","2012","1885-2012","","5","1980","1955-2012",""
"-114.02","51.11","CALGARY INT'L A","3031093","4","13","10.9","-2.5","30.0","26.1","1913","1885-2012","","-18.9","1890","1885-2012","","11.4","2003","1885-2012","","11.4","2003","1885-2012","","13.4","2000","1885-2012","","8","2012","1955-2012",""
"-114.02","51.11","CALGARY INT'L A","3031093","4","14","11.1","-2.3","30.0","26.7","1926","1885-2012","","-16.7","1905","1885-2012","","22.1","1930","1885-2012","","22.1","1930","1885-2012","","21.0","2011","1885-2012","","19","2011","1955-2012",""
"-114.02","51.11","CALGARY INT'L A","3031093","4","15","11.4","-2.1","30.0","26.3","1984","1885-2012","","-13.3","1953","1885-2012","","30.5","1930","1885-2012","","30.5","1930","1885-2012","","12.7","1933","1885-2012","","15","2000","1955-2012",""
"-114.02","51.11","CALGARY INT'L A","3031093","4","16","11.6","-1.9","30.0","27.8","1923","1885-2012","","-10.6","1901","1885-2012","","27.9","1933","1885-2012","","4.3","1950","1885-2012","","27.9","1933","1885-2012","","15","1970","1955-2012",""
"-114.02","51.11","CALGARY INT'L A","3031093","4","17","11.8","-1.7","30.0","26.7","1923","1885-2012","","-15.6","1953","1885-2012","","14.0","1979","1885-2012","","7.6","1978","1885-2012","","13.5","1951","1885-2012","","12","2011","1955-2012",""
"-114.02","51.11","CALGARY INT'L A","3031093","4","18","12.0","-1.5","30.0","27.2","1936","1885-2012","","-17.8","1951","1885-2012","","30.5","1955","1885-2012","","9.9","1925","1885-2012","","30.5","1955","1885-2012","","14","1987","1955-2012",""
"-114.02","51.11","CALGARY INT'L A","3031093","4","19","12.2","-1.3","30.0","26.7","1910","1885-2012","","-20.6","1927","1885-2012","","12.7","1985","1885-2012","","6.7","1984","1885-2012","","12.4","1985","1885-2012","","20","1955","1955-2012",""
"-114.02","51.11","CALGARY INT'L A","3031093","4","20","12.4","-1.2","30.0","27.2","1934","1885-2012","","-17.2","1927","1885-2012","","29.8","1999","1885-2012","","28.8","1999","1885-2012","","10.8","2007","1885-2012","","18","1955","1955-2012",""
"-114.02","51.11","CALGARY INT'L A","3031093","4","21","12.6","-1.0","30.0","26.1","1906","1885-2012","","-16.1","1967","1885-2012","","45.7","1932","1885-2012","","14.2","1999","1885-2012","","45.7","1932","1885-2012","","10","1955","1955-2012",""
"-114.02","51.11","CALGARY INT'L A","3031093","4","22","12.8","-0.8","30.0","25.6","1906","1885-2012","","-12.8","1927","1885-2012","","21.3","1932","1885-2012","","21.3","1932","1885-2012","","12.7","1937","1885-2012","","11","2008","1955-2012",""
"-114.02","51.11","CALGARY INT'L A","3031093","4","23","13.0","-0.6","30.0","25.8","2012","1885-2012","","-8.9","1972","1885-2012","","20.8","1907","1885-2012","","10.2","1953","1885-2012","","20.8","1907","1885-2012","","7","2008","1955-2012",""
"-114.02","51.11","CALGARY INT'L A","3031093","4","24","13.2","-0.4","30.0","28.3","1910","1885-2012","","-17.2","1959","1885-2012","","23.3","1983","1885-2012","","23.3","1983","1885-2012","","18.4","2010","1885-2012","","15","1959","1955-2012",""
"-114.02","51.11","CALGARY INT'L A","3031093","4","25","13.3","-0.3","30.0","28.9","1910","1885-2012","","-18.3","1959","1885-2012","","24.3","2003","1885-2012","","24.3","2003","1885-2012","","22.9","1966","1885-2012","","15","1960","1955-2012",""
"-114.02","51.11","CALGARY INT'L A","3031093","4","26","13.5","-0.1","30.0","26.1","1923","1885-2012","","-11.7","1954","1885-2012","","29.5","1974","1885-2012","","29.5","1974","1885-2012","","32.2","2003","1885-2012","","15","1966","1955-2012",""
"-114.02","51.11","CALGARY INT'L A","3031093","4","27","13.7","0.2","30.0","27.7","1987","1885-2012","","-13.9","1966","1885-2012","","13.7","1974","1885-2012","","9.9","1953","1885-2012","","17.8","1970","1885-2012","","33","1966","1955-2012",""
"-114.02","51.11","CALGARY INT'L A","3031093","4","28","13.8","0.4","30.0","28.3","1926","1885-2012","","-16.7","1966","1885-2012","","18.8","1978","1885-2012","","18.8","1978","1885-2012","","7.6","1990","1885-2012","","28","1966","1955-2012",""
"-114.02","51.11","CALGARY INT'L A","3031093","4","29","14.0","0.5","30.0","29.4","1926","1885-2012","","-18.9","1966","1885-2012","","13.7","1953","1885-2012","","12.7","1895","1885-2012","","10.7","1929","1885-2012","","25","1966","1955-2012",""
"-114.02","51.11","CALGARY INT'L A","3031093","4","30","14.2","0.7","30.0","25.6","1941","1885-2012","","-17.8","1954","1885-2012","","37.1","1912","1885-2012","","37.1","1912","1885-2012","","17.8","1886","1885-2012","","20","1966","1955-2012",""
"-114.02","51.11","CALGARY INT'L A","3031093","5","1","14.3","0.8","36.0","25.6","1890","1885-2012","","-16.7","1954","1885-2012","","25.7","1902","1885-2012","","24.4","2012","1885-2012","","25.4","1902","1885-2012","","20","1966","1955-2012",""
"-114.02","51.11","CALGARY INT'L A","3031093","5","2","14.4","0.9","36.0","27.8","1924","1885-2012","","-13.3","1954","1885-2012","","58.4","1902","1885-2012","","15.2","1902","1885-2012","","43.2","1902","1885-2012","","13","1966","1955-2012",""
"-114.02","51.11","CALGARY INT'L A","3031093","5","3","14.6","1.1","36.0","26.7","1897","1885-2012","","-11.1","1899","1885-2012","","37.0","2007","1885-2012","","37.0","2007","1885-2012","","11.2","1963","1885-2012","","10","1963","1955-2012",""
"-114.02","51.11","CALGARY INT'L A","3031093","5","4","14.7","1.2","36.0","28.3","1944","1885-2012","","-6.1","1950","1885-2012","","19.4","1986","1885-2012","","19.4","1986","1885-2012","","8.6","1975","1885-2012","","10","1963","1955-2012",""
"-114.02","51.11","CALGARY INT'L A","3031093","5","5","14.9","1.4","36.0","28.3","1911","1885-2012","","-7.8","1906","1885-2012","","21.4","2012","1885-2012","","17.1","1977","1885-2012","","12.6","2012","1885-2012","","5","1959","1955-2012",""
"-114.02","51.11","CALGARY INT'L A","3031093","5","6","15.0","1.6","36.0","27.8","1891","1885-2012","","-6.7","1907","1885-2012","","51.8","1981","1885-2012","","24.8","1995","1885-2012","","48.4","1981","1885-2012","","10","1981","1955-2012",""
"-114.02","51.11","CALGARY INT'L A","3031093","5","7","15.2","1.7","36.0","29.1","1987","1885-2012","","-7.8","1885","1885-2012","","29.7","1948","1885-2012","","29.7","1948","1885-2012","","19.2","1982","1885-2012","","22","2002","1955-2012",""
"-114.02","51.11","CALGARY INT'L A","3031093","5","8","15.3","1.9","36.0","28.0","1987","1885-2012","","-8.9","1885","1885-2012","","24.6","1948","1885-2012","","13.0","1913","1885-2012","","17.8","1948","1885-2012","","19","1982","1955-2012",""
"-114.02","51.11","CALGARY INT'L A","3031093","5","9","15.5","2.1","36.0","27.8","1906","1885-2012","","-7.8","1968","1885-2012","","23.4","1943","1885-2012","","20.1","1947","1885-2012","","11.9","1943","1885-2012","","7","1982","1955-2012",""
"-114.02","51.11","CALGARY INT'L A","3031093","5","10","15.6","2.2","36.0","27.8","1906","1885-2012","","-12.2","1968","1885-2012","","34.0","1886","1885-2012","","34.0","1886","1885-2012","","9.1","1910","1885-2012","","8","1967","1955-2012",""
"-114.02","51.11","CALGARY INT'L A","3031093","5","11","15.7","2.4","36.0","29.1","1993","1885-2012","","-6.5","1999","1885-2012","","34.8","1909","1885-2012","","30.0","1954","1885-2012","","20.8","1909","1885-2012","","5","2004","1955-2012",""
"-114.02","51.11","CALGARY INT'L A","3031093","5","12","15.9","2.5","36.0","29.3","1993","1885-2012","","-10.0","1899","1885-2012","","28.2","1991","1885-2012","","28.2","1991","1885-2012","","3.8","1946","1885-2012","","6","2004","1955-2012",""
"-114.02","51.11","CALGARY INT'L A","3031093","5","13","16.0","2.7","36.0","27.8","1931","1885-2012","","-5.6","1886","1885-2012","","26.4","1911","1885-2012","","26.4","1911","1885-2012","","14.4","1986","1885-2012","","0","1955","1955-2012",""
"-114.02","51.11","CALGARY INT'L A","3031093","5","14","16.1","2.9","36.0","31.7","1924","1885-2012","","-5.0","1943","1885-2012","","23.4","1932","1885-2012","","23.4","1932","1885-2012","","14.4","1986","1885-2012","","6","1986","1955-2012",""
"-114.02","51.11","CALGARY INT'L A","3031093","5","15","16.3","3.0","36.0","30.6","1924","1885-2012","","-7.8","1929","1885-2012","","16.3","1955","1885-2012","","14.2","1977","1885-2012","","12.7","1955","1885-2012","","17","1986","1955-2012",""
"-114.02","51.11","CALGARY INT'L A","3031093","5","16","16.4","3.2","36.0","29.8","2008","1885-2012","","-3.9","1899","1885-2012","","40.6","1894","1885-2012","","40.6","1894","1885-2012","","4.1","1909","1885-2012","","8","1986","1955-2012",""
"-114.02","51.11","CALGARY INT'L A","3031093","5","17","16.6","3.3","36.0","30.9","2006","1885-2012","","-3.3","1942","1885-2012","","48.3","1903","1885-2012","","38.6","1945","1885-2012","","48.3","1903","1885-2012","","0","1955","1955-2012",""
"-114.02","51.11","CALGARY INT'L A","3031093","5","18","16.7","3.5","36.0","29.4","1925","1885-2012","","-4.4","1965","1885-2012","","65.0","1902","1885-2012","","65.0","1902","1885-2012","","19.1","1903","1885-2012","","2","1977","1955-2012",""
"-114.02","51.11","CALGARY INT'L A","3031093","5","19","16.8","3.6","36.0","31.1","1919","1885-2012","","-5.1","2003","1885-2012","","24.9","1899","1885-2012","","24.9","1899","1885-2012","","5.1","1903","1885-2012","","0","1955","1955-2012",""
"-114.02","51.11","CALGARY INT'L A","3031093","5","20","17.0","3.8","36.0","31.1","1897","1885-2012","","-4.8","1987","1885-2012","","30.0","1976","1885-2012","","30.0","1976","1885-2012","","27.8","1997","1885-2012","","5","1997","1955-2012",""
"-114.02","51.11","CALGARY INT'L A","3031093","5","21","17.1","3.9","36.0","30.6","1928","1885-2012","","-5.0","1903","1885-2012","","30.0","1948","1885-2012","","30.0","1948","1885-2012","","20.3","1906","1885-2012","","20","1997","1955-2012",""
"-114.02","51.11","CALGARY INT'L A","3031093","5","22","17.2","4.1","36.0","31.1","1919","1885-2012","","-4.4","1931","1885-2012","","22.4","1998","1885-2012","","22.4","1998","1885-2012","","15.2","1911","1885-2012","","4","1997","1955-2012",""
"-114.02","51.11","CALGARY INT'L A","3031093","5","23","17.4","4.2","36.0","29.4","1941","1885-2012","","-3.3","1960","1885-2012","","38.2","1980","1885-2012","","38.2","1980","1885-2012","","35.6","1911","1885-2012","","2","1955","1955-2012",""
"-114.02","51.11","CALGARY INT'L A","3031093","5","24","17.5","4.4","36.0","28.9","1928","1885-2012","","-2.3","2002","1885-2012","","29.4","1990","1885-2012","","29.4","1990","1885-2012","","8.4","2007","1885-2012","","7","2007","1955-2012",""
"-114.02","51.11","CALGARY INT'L A","3031093","5","25","17.6","4.5","36.0","32.2","1928","1885-2012","","-5.0","1918","1885-2012","","38.1","1894","1885-2012","","38.1","1894","1885-2012","","20.1","1941","1885-2012","","0","1955","1955-2012",""
"-114.02","51.11","CALGARY INT'L A","3031093","5","26","17.8","4.7","36.0","31.7","1928","1885-2012","","-3.3","1918","1885-2012","","32.0","1923","1885-2012","","32.0","1923","1885-2012","","2.8","1959","1885-2012","","0","1955","1955-2012",""
"-114.02","51.11","CALGARY INT'L A","3031093","5","27","17.9","4.9","36.0","30.0","1936","1885-2012","","-2.2","1921","1885-2012","","30.0","2010","1885-2012","","28.6","2010","1885-2012","","1.4","2010","1885-2012","","0","1955","1955-2012",""
"-114.02","51.11","CALGARY INT'L A","3031093","5","28","18.0","5.0","36.0","31.7","1986","1885-2012","","-5.0","1947","1885-2012","","40.6","1946","1885-2012","","40.6","1946","1885-2012","","7.4","1951","1885-2012","","0","1955","1955-2012",""
"-114.02","51.11","CALGARY INT'L A","3031093","5","29","18.2","5.1","36.0","30.0","1934","1885-2012","","-2.2","1895","1885-2012","","23.6","1952","1885-2012","","23.6","1952","1885-2012","","11.8","2010","1885-2012","","2","2010","1955-2012",""
"-114.02","51.11","CALGARY INT'L A","3031093","5","30","18.3","5.3","36.0","32.4","1986","1885-2012","","-3.3","1917","1885-2012","","31.8","1899","1885-2012","","31.8","1899","1885-2012","","0.0","1885","1885-2012","","0","1955","1955-2012",""
"-114.02","51.11","CALGARY INT'L A","3031093","5","31","18.4","5.4","36.0","31.1","1956","1885-2012","","-3.9","1890","1885-2012","","23.9","1923","1885-2012","","23.9","1923","1885-2012","","0.0","1885","1885-2012","","0","1955","1955-2012",""
"-114.02","51.11","CALGARY INT'L A","3031093","6","1","18.5","5.6","46.0","32.1","1986","1882-2012","","-2.8","1919","1882-2012","","79.2","1932","1885-2012","","79.2","1932","1885-2012","","0.0","1885","1885-2012","","0","1955","1955-2012",""
"-114.02","51.11","CALGARY INT'L A","3031093","6","2","18.7","5.7","46.0","31.1","1970","1882-2012","","-2.2","1951","1882-2012","","26.0","2002","1885-2012","","26.0","2002","1885-2012","","15.2","1910","1885-2012","","0","1955","1955-2012",""
"-114.02","51.11","CALGARY INT'L A","3031093","6","3","18.8","5.9","46.0","32.2","1922","1882-2012","","-1.7","1887","1882-2012","","17.3","1888","1885-2012","","17.3","1888","1885-2012","","0.0","1885","1885-2012","","0","1955","1955-2012",""
"-114.02","51.11","CALGARY INT'L A","3031093","6","4","18.9","6.0","46.0","32.8","1970","1882-2012","","-0.6","1914","1882-2012","","43.7","1934","1885-2012","","43.7","1934","1885-2012","","10.2","1944","1885-2012","","0","1955","1955-2012",""
"-114.02","51.11","CALGARY INT'L A","3031093","6","5","19.0","6.2","46.0","30.6","1961","1882-2012","","-2.2","1888","1882-2012","","72.4","2007","1885-2012","","72.4","2007","1885-2012","","15.5","1951","1885-2012","","0","1955","1955-2012",""
"-114.02","51.11","CALGARY INT'L A","3031093","6","6","19.2","6.3","46.0","30.0","1961","1882-2012","","-1.7","1912","1882-2012","","53.3","1885","1885-2012","","53.3","1885","1885-2012","","24.9","1951","1885-2012","","0","1955","1955-2012",""
"-114.02","51.11","CALGARY INT'L A","3031093","6","7","19.3","6.4","46.0","33.1","1977","1882-2012","","-1.1","1900","1882-2012","","77.2","1928","1885-2012","","77.2","1928","1885-2012","","5.1","1938","1885-2012","","0","1955","1955-2012",""
"-114.02","51.11","CALGARY INT'L A","3031093","6","8","19.4","6.5","46.0","31.1","1948","1882-2012","","-3.3","1891","1882-2012","","29.2","1900","1885-2012","","29.2","1900","1885-2012","","0.0","1885","1885-2012","","0","1955","1955-2012",""
"-114.02","51.11","CALGARY INT'L A","3031093","6","9","19.5","6.7","46.0","30.0","1918","1882-2012","","-1.7","1950","1882-2012","","36.1","1927","1885-2012","","36.1","1927","1885-2012","","1.0","1958","1885-2012","","0","1955","1955-2012",""
"-114.02","51.11","CALGARY INT'L A","3031093","6","10","19.6","6.8","46.0","32.2","1918","1882-2012","","0.0","1894","1882-2012","","32.3","1925","1885-2012","","32.3","1925","1885-2012","","5.1","1967","1885-2012","","0","1955","1955-2012",""
"-114.02","51.11","CALGARY INT'L A","3031093","6","11","19.7","6.9","46.0","30.6","1910","1882-2012","","-0.6","1969","1882-2012","","42.0","1997","1885-2012","","42.0","1997","1885-2012","","2.8","1969","1885-2012","","0","1955","1955-2012",""
"-114.02","51.11","CALGARY INT'L A","3031093","6","12","19.9","7.0","46.0","31.1","1959","1882-2012","","-1.7","1969","1882-2012","","38.2","1993","1885-2012","","38.2","1993","1885-2012","","6.1","1901","1885-2012","","0","1955","1955-2012",""
"-114.02","51.11","CALGARY INT'L A","3031093","6","13","20.0","7.1","46.0","32.2","1918","1882-2012","","-2.8","1969","1882-2012","","75.9","1970","1885-2012","","75.9","1970","1885-2012","","0.3","1976","1885-2012","","0","1955","1955-2012",""
"-114.02","51.11","CALGARY INT'L A","3031093","6","14","20.1","7.3","46.0","33.3","1933","1882-2012","","0.0","1889","1882-2012","","33.4","1992","1885-2012","","33.4","1992","1885-2012","","0.0","1885","1885-2012","","0","1955","1955-2012",""
"-114.02","51.11","CALGARY INT'L A","3031093","6","15","20.2","7.4","46.0","33.3","1933","1882-2012","","0.0","1905","1882-2012","","56.9","1905","1885-2012","","49.3","1905","1885-2012","","7.6","1905","1885-2012","","0","1955","1955-2012",""
"-114.02","51.11","CALGARY INT'L A","3031093","6","16","20.3","7.5","46.0","33.3","1961","1882-2012","","-0.8","1994","1882-2012","","43.2","1939","1882-2012","","43.2","1939","1882-2012","","0.0","1882","1882-2012","","0","1955","1955-2012",""
"-114.02","51.11","CALGARY INT'L A","3031093","6","17","20.4","7.6","46.0","31.7","1914","1882-2012","","1.7","1902","1882-2012","","29.5","1897","1882-2012","","29.5","1897","1882-2012","","0.0","1882","1882-2012","","0","1955","1955-2012",""
"-114.02","51.11","CALGARY INT'L A","3031093","6","18","20.5","7.7","46.0","32.2","1969","1882-2012","","1.1","1902","1882-2012","","30.4","1996","1882-2012","","30.4","1996","1882-2012","","0.0","1882","1882-2012","","0","1955","1955-2012",""
"-114.02","51.11","CALGARY INT'L A","3031093","6","19","20.6","7.8","46.0","32.8","1919","1882-2012","","-1.1","1902","1882-2012","","51.1","1926","1882-2012","","51.1","1926","1882-2012","","0.0","1882","1882-2012","","0","1955","1955-2012",""
"-114.02","51.11","CALGARY INT'L A","3031093","6","20","20.7","7.9","46.0","34.4","1919","1882-2012","","-1.7","1902","1882-2012","","35.1","1964","1882-2012","","35.1","1964","1882-2012","","0.0","1882","1882-2012","","0","1955","1955-2012",""
"-114.02","51.11","CALGARY INT'L A","3031093","6","21","20.9","8.0","46.0","34.4","1919","1882-2012","","1.1","1892","1882-2012","","30.5","1923","1882-2012","","30.5","1923","1882-2012","","0.0","1882","1882-2012","","0","1955","1955-2012",""
"-114.02","51.11","CALGARY INT'L A","3031093","6","22","21.0","8.1","46.0","33.3","1919","1882-2012","","0.0","1894","1882-2012","","42.7","1963","1882-2012","","42.7","1963","1882-2012","","0.0","1882","1882-2012","","0","1955","1955-2012",""
"-114.02","51.11","CALGARY INT'L A","3031093","6","23","21.1","8.2","46.0","34.4","1936","1882-2012","","0.6","1967","1882-2012","","24.6","1972","1882-2012","","24.6","1972","1882-2012","","0.0","1882","1882-2012","","0","1955","1955-2012",""
"-114.02","51.11","CALGARY INT'L A","3031093","6","24","21.2","8.2","46.0","31.1","1912","1882-2012","","0.0","1889","1882-2012","","72.6","1901","1882-2012","","72.6","1901","1882-2012","","0.0","1882","1882-2012","","0","1955","1955-2012",""
"-114.02","51.11","CALGARY INT'L A","3031093","6","25","21.3","8.3","46.0","31.7","1912","1882-2012","","0.6","1889","1882-2012","","31.2","1999","1882-2012","","31.2","1999","1882-2012","","0.0","1882","1882-2012","","0","1955","1955-2012",""
"-114.02","51.11","CALGARY INT'L A","3031093","6","26","21.4","8.4","46.0","35.0","1926","1882-2012","","0.0","1951","1882-2012","","57.2","1959","1882-2012","","57.2","1959","1882-2012","","6.4","1951","1882-2012","","0","1955","1955-2012",""
"-114.02","51.11","CALGARY INT'L A","3031093","6","27","21.5","8.5","46.0","33.5","2002","1882-2012","","0.0","1905","1882-2012","","30.0","1886","1882-2012","","30.0","1886","1882-2012","","0.0","1882","1882-2012","","0","1955","1955-2012",""
"-114.02","51.11","CALGARY INT'L A","3031093","6","28","21.6","8.6","46.0","32.8","1937","1885-2012","","1.1","1894","1885-2012","","28.4","1969","1882-2012","","28.4","1969","1882-2012","","0.0","1882","1882-2012","","0","1955","1955-2012",""
"-114.02","51.11","CALGARY INT'L A","3031093","6","29","21.6","8.6","46.0","34.4","1896","1885-2012","","2.2","1951","1885-2012","","55.1","1986","1882-2012","","55.1","1986","1882-2012","","0.0","1882","1882-2012","","0","1955","1955-2012",""
"-114.02","51.11","CALGARY INT'L A","3031093","6","30","21.7","8.7","46.0","33.3","1892","1882-2012","","1.7","1899","1882-2012","","23.4","1912","1882-2012","","23.4","1912","1882-2012","","0.0","1882","1882-2012","","0","1955","1955-2012",""
"-114.02","51.11","CALGARY INT'L A","3031093","7","1","21.8","8.8","42.0","32.8","1924","1884-2012","","2.2","1900","1884-2012","","25.9","1955","1884-2012","","25.9","1955","1884-2012","","0.0","1884","1884-2012","","0","1955","1955-2012",""
"-114.02","51.11","CALGARY INT'L A","3031093","7","2","21.9","8.8","42.0","33.3","1924","1884-2012","","3.3","1972","1884-2012","","54.9","1966","1884-2012","","54.9","1966","1884-2012","","0.0","1884","1884-2012","","0","1955","1955-2012",""
"-114.02","51.11","CALGARY INT'L A","3031093","7","3","22.0","8.9","42.0","33.9","1914","1884-2012","","2.2","1912","1884-2012","","40.1","1964","1884-2012","","40.1","1964","1884-2012","","0.0","1884","1884-2012","","0","1955","1955-2012",""
"-114.02","51.11","CALGARY INT'L A","3031093","7","4","22.1","9.0","42.0","32.8","1914","1884-2012","","2.2","1900","1884-2012","","53.6","1998","1884-2012","","53.6","1998","1884-2012","","0.0","1884","1884-2012","","0","1955","1955-2012",""
"-114.02","51.11","CALGARY INT'L A","3031093","7","5","22.2","9.0","42.0","35.0","1896","1884-2012","","-0.6","1884","1884-2012","","34.0","1920","1884-2012","","34.0","1920","1884-2012","","0.0","1884","1884-2012","","0","1955","1955-2012",""
"-114.02","51.11","CALGARY INT'L A","3031093","7","6","22.3","9.1","42.0","34.4","1896","1884-2012","","1.1","1971","1884-2012","","43.7","1909","1884-2012","","43.7","1909","1884-2012","","0.0","1884","1884-2012","","0","1955","1955-2012",""
"-114.02","51.11","CALGARY INT'L A","3031093","7","7","22.4","9.1","42.0","33.9","1896","1884-2012","","2.2","1891","1884-2012","","25.7","1922","1884-2012","","25.7","1922","1884-2012","","0.0","1884","1884-2012","","0","1955","1955-2012",""
"-114.02","51.11","CALGARY INT'L A","3031093","7","8","22.4","9.2","42.0","31.7","1886","1884-2012","","2.8","1974","1884-2012","","18.3","1963","1884-2012","","18.3","1963","1884-2012","","0.0","1884","1884-2012","","0","1955","1955-2012",""
"-114.02","51.11","CALGARY INT'L A","3031093","7","9","22.5","9.2","42.0","32.8","1905","1884-2012","","1.7","1935","1884-2012","","23.6","2000","1884-2012","","23.6","2000","1884-2012","","0.0","1884","1884-2012","","0","1955","1955-2012",""
"-114.02","51.11","CALGARY INT'L A","3031093","7","10","22.6","9.3","42.0","34.0","1985","1884-2012","","1.1","1885","1884-2012","","21.4","1989","1884-2012","","21.4","1989","1884-2012","","0.0","1884","1884-2012","","0","1955","1955-2012",""
"-114.02","51.11","CALGARY INT'L A","3031093","7","11","22.6","9.3","42.0","34.4","1898","1884-2012","","0.0","1943","1884-2012","","55.1","1942","1884-2012","","55.1","1942","1884-2012","","0.0","1884","1884-2012","","0","1955","1955-2012",""
"-114.02","51.11","CALGARY INT'L A","3031093","7","12","22.7","9.3","42.0","34.4","1886","1884-2011","","0.6","1887","1884-2011","","38.4","1920","1884-2011","","38.4","1920","1884-2011","","0.0","1884","1884-2011","","0","1955","1955-2011",""
"-114.02","51.11","CALGARY INT'L A","3031093","7","13","22.8","9.4","42.0","34.2","2002","1884-2011","","3.3","1887","1884-2011","","19.0","2010","1884-2011","","19.0","2010","1884-2011","","0.0","1884","1884-2011","","0","1955","1955-2011",""
"-114.02","51.11","CALGARY INT'L A","3031093","7","14","22.8","9.4","42.0","35.0","1961","1884-2011","","0.6","1912","1884-2011","","32.0","1999","1884-2011","","32.0","1999","1884-2011","","0.0","1884","1884-2011","","0","1955","1955-2011",""
"-114.02","51.11","CALGARY INT'L A","3031093","7","15","22.9","9.5","42.0","36.1","1919","1884-2011","","2.5","1999","1884-2011","","95.3","1927","1884-2011","","95.3","1927","1884-2011","","0.0","1884","1884-2011","","0","1955","1955-2011",""
"-114.02","51.11","CALGARY INT'L A","3031093","7","16","22.9","9.5","42.0","35.0","1919","1884-2011","","1.2","1999","1884-2011","","25.4","1908","1884-2011","","25.4","1908","1884-2011","","0.0","1884","1884-2011","","0","1955","1955-2011",""
"-114.02","51.11","CALGARY INT'L A","3031093","7","17","23.0","9.5","42.0","34.4","1919","1884-2011","","3.0","1999","1884-2011","","33.5","1895","1884-2011","","33.5","1895","1884-2011","","0.0","1884","1884-2011","","0","1955","1955-2011",""
"-114.02","51.11","CALGARY INT'L A","3031093","7","18","23.1","9.5","42.0","35.0","1941","1884-2011","","0.0","1885","1884-2011","","43.7","1952","1884-2011","","43.7","1952","1884-2011","","0.0","1884","1884-2011","","0","1955","1955-2011",""
"-114.02","51.11","CALGARY INT'L A","3031093","7","19","23.1","9.6","42.0","34.4","1918","1884-2011","","2.2","1904","1884-2011","","39.6","2011","1884-2011","","39.6","2011","1884-2011","","0.0","1884","1884-2011","","0","1955","1955-2011",""
"-114.02","51.11","CALGARY INT'L A","3031093","7","20","23.2","9.6","42.0","35.0","1921","1884-2011","","2.2","1911","1884-2011","","39.9","1968","1884-2011","","39.9","1968","1884-2011","","0.0","1884","1884-2011","","0","1955","1955-2011",""
"-114.02","51.11","CALGARY INT'L A","3031093","7","21","23.2","9.6","42.0","34.3","1979","1884-2011","","4.1","1990","1884-2011","","40.6","1965","1884-2011","","40.6","1965","1884-2011","","0.0","1884","1884-2011","","0","1955","1955-2011",""
"-114.02","51.11","CALGARY INT'L A","3031093","7","22","23.2","9.6","42.0","35.6","1936","1884-2011","","2.8","1889","1884-2011","","21.6","1987","1884-2011","","21.6","1987","1884-2011","","0.0","1884","1884-2011","","0","1955","1955-2011",""
"-114.02","51.11","CALGARY INT'L A","3031093","7","23","23.3","9.6","42.0","34.4","1936","1884-2011","","1.1","1896","1884-2011","","38.1","1888","1884-2011","","38.1","1888","1884-2011","","0.3","1918","1884-2011","","0","1955","1955-2011",""
"-114.02","51.11","CALGARY INT'L A","3031093","7","24","23.3","9.7","42.0","33.9","1890","1884-2011","","1.1","1904","1884-2011","","19.8","1981","1884-2011","","19.8","1981","1884-2011","","0.0","1884","1884-2011","","0","1955","1955-2011",""
"-114.02","51.11","CALGARY INT'L A","3031093","7","25","23.3","9.7","42.0","36.1","1933","1884-2011","","0.0","1918","1884-2011","","29.5","1956","1884-2011","","29.5","1956","1884-2011","","0.0","1884","1884-2011","","0","1955","1955-2011",""
"-114.02","51.11","CALGARY INT'L A","3031093","7","26","23.4","9.7","42.0","35.3","1984","1884-2011","","3.3","1894","1884-2011","","20.3","1901","1884-2011","","20.3","1901","1884-2011","","0.0","1884","1884-2011","","0","1955","1955-2011",""
"-114.02","51.11","CALGARY INT'L A","3031093","7","27","23.4","9.7","42.0","33.9","1975","1884-2011","","1.1","1892","1884-2011","","25.9","1959","1884-2011","","25.9","1959","1884-2011","","0.0","1884","1884-2011","","0","1955","1955-2011",""
"-114.02","51.11","CALGARY INT'L A","3031093","7","28","23.4","9.7","42.0","34.4","1939","1884-2011","","1.7","1926","1884-2011","","39.6","1924","1884-2011","","39.6","1924","1884-2011","","0.0","1884","1884-2011","","0","1955","1955-2011",""
"-114.02","51.11","CALGARY INT'L A","3031093","7","29","23.5","9.7","42.0","34.4","1934","1884-2011","","1.7","1899","1884-2011","","67.6","1950","1884-2011","","67.6","1950","1884-2011","","0.0","1884","1884-2011","","0","1955","1955-2011",""
"-114.02","51.11","CALGARY INT'L A","3031093","7","30","23.5","9.7","42.0","33.3","1914","1884-2011","","2.2","1917","1884-2011","","18.8","1944","1884-2011","","18.8","1944","1884-2011","","0.0","1884","1884-2011","","0","1955","1955-2011",""
"-114.02","51.11","CALGARY INT'L A","3031093","7","31","23.5","9.7","42.0","34.4","1914","1884-2011","","1.1","1917","1884-2011","","50.0","1884","1884-2011","","50.0","1884","1884-2011","","0.0","1884","1884-2011","","0","1955","1955-2011",""
"-114.02","51.11","CALGARY INT'L A","3031093","8","1","23.5","9.7","34.0","34.4","1893","1884-2011","","2.2","1917","1884-2011","","65.0","1988","1884-2011","","65.0","1988","1884-2011","","0.0","1884","1884-2011","","0","1955","1955-2011",""
"-114.02","51.11","CALGARY INT'L A","3031093","8","2","23.5","9.7","34.0","35.0","1922","1884-2011","","2.0","2002","1884-2011","","42.7","1924","1884-2011","","42.7","1924","1884-2011","","0.0","1884","1884-2011","","0","1955","1955-2011",""
"-114.02","51.11","CALGARY INT'L A","3031093","8","3","23.5","9.7","34.0","35.6","1914","1884-2011","","1.9","2002","1884-2011","","31.0","1903","1884-2011","","31.0","1903","1884-2011","","0.0","1884","1884-2011","","0","1955","1955-2011",""
"-114.02","51.11","CALGARY INT'L A","3031093","8","4","23.5","9.6","34.0","33.9","1893","1884-2011","","2.2","1903","1884-2011","","59.2","1919","1884-2011","","59.2","1919","1884-2011","","0.0","1884","1884-2011","","0","1955","1955-2011",""
"-114.02","51.11","CALGARY INT'L A","3031093","8","5","23.5","9.6","34.0","35.0","1893","1884-2011","","2.2","1900","1884-2011","","29.0","1962","1884-2011","","29.0","1962","1884-2011","","0.0","1884","1884-2011","","0","1955","1955-2011",""
"-114.02","51.11","CALGARY INT'L A","3031093","8","6","23.5","9.6","34.0","33.9","1997","1884-2011","","0.0","1889","1884-2011","","31.8","1885","1884-2011","","31.8","1885","1884-2011","","0.0","1884","1884-2011","","0","1955","1955-2011",""
"-114.02","51.11","CALGARY INT'L A","3031093","8","7","23.5","9.5","34.0","33.3","1920","1884-2011","","1.7","1889","1884-2011","","37.6","1911","1884-2011","","37.6","1911","1884-2011","","0.0","1884","1884-2011","","0","1955","1955-2011",""
"-114.02","51.11","CALGARY INT'L A","3031093","8","8","23.4","9.5","34.0","33.3","1933","1884-2011","","1.1","1917","1884-2011","","25.7","1953","1884-2011","","25.7","1953","1884-2011","","0.0","1884","1884-2011","","0","1955","1955-2011",""
"-114.02","51.11","CALGARY INT'L A","3031093","8","9","23.4","9.4","34.0","32.7","1991","1884-2011","","0.0","1887","1884-2011","","33.5","1903","1884-2011","","33.5","1903","1884-2011","","0.0","1884","1884-2011","","0","1955","1955-2011",""
"-114.02","51.11","CALGARY INT'L A","3031093","8","10","23.3","9.4","34.0","32.2","1928","1884-2011","","2.2","1911","1884-2011","","41.4","1903","1884-2011","","41.4","1903","1884-2011","","0.0","1884","1884-2011","","0","1955","1955-2011",""
"-114.02","51.11","CALGARY INT'L A","3031093","8","11","23.3","9.3","34.0","32.2","1906","1884-2011","","1.1","1893","1884-2011","","52.4","1999","1884-2011","","52.4","1999","1884-2011","","0.0","1884","1884-2011","","0","1955","1955-2011",""
"-114.02","51.11","CALGARY INT'L A","3031093","8","12","23.2","9.2","34.0","33.9","1940","1884-2011","","2.8","1966","1884-2011","","19.8","1974","1884-2011","","19.8","1974","1884-2011","","0.0","1884","1884-2011","","0","1955","1955-2011",""
"-114.02","51.11","CALGARY INT'L A","3031093","8","13","23.1","9.1","34.0","33.3","1906","1884-2011","","1.7","1884","1884-2011","","37.1","1954","1884-2011","","37.1","1954","1884-2011","","0.0","1884","1884-2011","","0","1955","1955-2011",""
"-114.02","51.11","CALGARY INT'L A","3031093","8","14","23.0","9.1","34.0","33.0","1994","1884-2011","","0.6","1895","1884-2011","","67.6","1899","1884-2011","","67.6","1899","1884-2011","","0.0","1884","1884-2011","","0","1955","1955-2011",""
"-114.02","51.11","CALGARY INT'L A","3031093","8","15","22.9","9.0","34.0","34.4","1961","1884-2011","","0.6","1935","1884-2011","","29.8","1997","1884-2011","","29.8","1997","1884-2011","","0.3","1946","1884-2011","","0","1955","1955-2011",""
"-114.02","51.11","CALGARY INT'L A","3031093","8","16","22.9","8.9","34.0","33.3","1962","1884-2011","","0.0","1946","1884-2011","","55.3","1978","1884-2011","","55.3","1978","1884-2011","","1.0","1946","1884-2011","","0","1955","1955-2011",""
"-114.02","51.11","CALGARY INT'L A","3031093","8","17","22.7","8.8","34.0","33.0","2001","1884-2011","","0.6","1889","1884-2011","","70.6","1902","1884-2011","","70.6","1902","1884-2011","","0.0","1884","1884-2011","","0","1955","1955-2011",""
"-114.02","51.11","CALGARY INT'L A","3031093","8","18","22.6","8.7","34.0","34.0","2008","1884-2011","","0.6","1890","1884-2011","","54.4","1902","1884-2011","","54.4","1902","1884-2011","","0.0","1884","1884-2011","","0","1955","1955-2011",""
"-114.02","51.11","CALGARY INT'L A","3031093","8","19","22.5","8.6","34.0","32.2","1897","1884-2011","","0.0","1939","1884-2011","","23.8","1977","1884-2011","","23.8","1977","1884-2011","","0.0","1884","1884-2011","","0","1955","1955-2011",""
"-114.02","51.11","CALGARY INT'L A","3031093","8","20","22.4","8.4","34.0","32.8","1967","1884-2011","","1.1","1945","1884-2011","","29.4","1988","1884-2011","","29.4","1988","1884-2011","","0.0","1884","1884-2011","","0","1955","1955-2011",""
"-114.02","51.11","CALGARY INT'L A","3031093","8","21","22.2","8.3","34.0","33.3","1894","1884-2011","","0.0","1904","1884-2011","","41.1","1906","1884-2011","","41.1","1906","1884-2011","","0.2","1992","1884-2011","","0","1955","1955-2011",""
"-114.02","51.11","CALGARY INT'L A","3031093","8","22","22.1","8.2","34.0","31.7","1912","1884-2011","","0.4","1992","1884-2011","","41.7","1947","1884-2011","","41.7","1947","1884-2011","","0.4","1992","1884-2011","","0","1955","1955-2011",""
"-114.02","51.11","CALGARY INT'L A","3031093","8","23","21.9","8.0","34.0","32.2","1888","1884-2011","","-0.7","1992","1884-2011","","57.9","1903","1884-2011","","57.9","1903","1884-2011","","0.4","1992","1884-2011","","0","1955","1955-2011",""
"-114.02","51.11","CALGARY INT'L A","3031093","8","24","21.8","7.9","34.0","32.2","1894","1884-2011","","-2.8","1992","1884-2011","","75.9","1954","1884-2011","","75.9","1954","1884-2011","","0.0","1884","1884-2011","","0","1955","1955-2011",""
"-114.02","51.11","CALGARY INT'L A","3031093","8","25","21.6","7.7","34.0","31.1","1894","1884-2011","","-3.2","1992","1884-2011","","80.8","1945","1884-2011","","80.8","1945","1884-2011","","6.1","1900","1884-2011","","0","1955","1955-2011",""
"-114.02","51.11","CALGARY INT'L A","3031093","8","26","21.4","7.6","34.0","33.3","1924","1884-2011","","-0.6","1900","1884-2011","","25.9","1954","1884-2011","","25.9","1954","1884-2011","","4.3","1900","1884-2011","","0","1955","1955-2011",""
"-114.02","51.11","CALGARY INT'L A","3031093","8","27","21.3","7.4","34.0","31.1","2001","1884-2011","","-1.1","1900","1884-2011","","24.6","1951","1884-2011","","24.6","1951","1884-2011","","0.0","1884","1884-2011","","0","1955","1955-2011",""
"-114.02","51.11","CALGARY INT'L A","3031093","8","28","21.1","7.2","34.0","33.9","1929","1884-2011","","-1.1","1899","1884-2011","","30.5","1894","1884-2011","","30.5","1894","1884-2011","","0.0","1884","1884-2011","","0","1955","1955-2011",""
"-114.02","51.11","CALGARY INT'L A","3031093","8","29","20.9","7.1","34.0","33.9","1929","1884-2011","","-0.6","1920","1884-2011","","17.5","1912","1884-2011","","17.5","1912","1884-2011","","0.0","1884","1884-2011","","0","1955","1955-2011",""
"-114.02","51.11","CALGARY INT'L A","3031093","8","30","20.7","6.9","34.0","32.4","1996","1884-2011","","-2.2","1886","1884-2011","","29.2","1951","1884-2011","","29.2","1951","1884-2011","","0.0","1884","1884-2011","","0","1955","1955-2011",""
"-114.02","51.11","CALGARY INT'L A","3031093","8","31","20.5","6.7","34.0","32.4","1991","1884-2011","","0.6","1930","1884-2011","","25.1","1890","1884-2011","","25.1","1890","1884-2011","","0.0","1884","1884-2011","","0","1955","1955-2011",""
"-114.02","51.11","CALGARY INT'L A","3031093","9","1","20.2","6.5","30.0","33.3","1967","1884-2011","","-0.6","1972","1884-2011","","64.0","1926","1884-2011","","64.0","1926","1884-2011","","0.0","1884","1884-2011","","0","1955","1955-2011",""
"-114.02","51.11","CALGARY INT'L A","3031093","9","2","20.0","6.3","30.0","32.5","1998","1884-2011","","-1.1","1943","1884-2011","","31.6","2000","1884-2011","","31.6","2000","1884-2011","","0.0","1884","1884-2011","","0","1955","1955-2011",""
"-114.02","51.11","CALGARY INT'L A","3031093","9","3","19.8","6.1","30.0","31.2","2003","1884-2011","","-2.2","1929","1884-2011","","21.3","1965","1884-2011","","21.3","1965","1884-2011","","0.0","1884","1884-2011","","0","1955","1955-2011",""
"-114.02","51.11","CALGARY INT'L A","3031093","9","4","19.6","5.9","30.0","30.4","2006","1884-2011","","-2.8","1892","1884-2011","","18.8","1946","1884-2011","","18.8","1946","1884-2011","","0.0","1884","1884-2011","","0","1955","1955-2011",""
"-114.02","51.11","CALGARY INT'L A","3031093","9","5","19.4","5.7","30.0","32.8","1967","1884-2011","","-2.2","1956","1884-2011","","29.2","1940","1884-2011","","29.2","1940","1884-2011","","4.2","1992","1884-2011","","0","1955","1955-2011",""
"-114.02","51.11","CALGARY INT'L A","3031093","9","6","19.2","5.6","30.0","30.0","1934","1884-2011","","-3.3","1885","1884-2011","","40.8","1984","1884-2011","","40.8","1984","1884-2011","","13.7","1972","1884-2011","","0","1955","1955-2011",""
"-114.02","51.11","CALGARY INT'L A","3031093","9","7","19.0","5.4","30.0","32.2","1998","1884-2011","","-4.4","1895","1884-2011","","67.3","1926","1884-2011","","67.3","1926","1884-2011","","11.4","1962","1884-2011","","1","1985","1955-2011",""
"-114.02","51.11","CALGARY INT'L A","3031093","9","8","18.8","5.2","30.0","31.1","1923","1884-2011","","-4.4","1928","1884-2011","","27.2","1912","1884-2011","","27.2","1912","1884-2011","","11.7","1921","1884-2011","","0","1955","1955-2011",""
"-114.02","51.11","CALGARY INT'L A","3031093","9","9","18.6","5.0","30.0","30.7","1981","1884-2011","","-2.2","1897","1884-2011","","16.0","1974","1884-2011","","16.0","1974","1884-2011","","11.9","1921","1884-2011","","0","1955","1955-2011",""
"-114.02","51.11","CALGARY INT'L A","3031093","9","10","18.4","4.8","30.0","30.0","1948","1884-2011","","-4.4","1896","1884-2011","","64.8","2005","1884-2011","","64.8","2005","1884-2011","","15.7","1890","1884-2011","","0","1955","1955-2011",""
"-114.02","51.11","CALGARY INT'L A","3031093","9","11","18.2","4.7","30.0","28.9","1968","1884-2011","","-4.4","1889","1884-2011","","27.2","1887","1884-2011","","27.2","1887","1884-2011","","13.2","1907","1884-2011","","3","1970","1955-2011",""
"-114.02","51.11","CALGARY INT'L A","3031093","9","12","18.0","4.5","30.0","30.0","1888","1884-2011","","-6.1","1890","1884-2011","","92.6","1985","1884-2011","","92.6","1985","1884-2011","","8.9","1907","1884-2011","","0","1955","1955-2011",""
"-114.02","51.11","CALGARY INT'L A","3031093","9","13","17.9","4.3","30.0","30.0","1892","1884-2011","","-6.7","1907","1884-2011","","24.0","2006","1884-2011","","24.0","2006","1884-2011","","10.2","1903","1884-2011","","0","1955","1955-2011",""
"-114.02","51.11","CALGARY INT'L A","3031093","9","14","17.7","4.1","30.0","32.2","1923","1884-2011","","-6.1","1970","1884-2011","","37.6","1900","1884-2011","","30.0","1900","1884-2011","","7.6","1900","1884-2011","","0","1955","1955-2011",""
"-114.02","51.11","CALGARY INT'L A","3031093","9","15","17.5","4.0","30.0","30.6","1979","1884-2011","","-6.1","1921","1884-2011","","11.4","1900","1884-2011","","9.9","1954","1884-2011","","7.6","1900","1884-2011","","3","1965","1955-2011",""
"-114.02","51.11","CALGARY INT'L A","3031093","9","16","17.3","3.8","30.0","30.7","2009","1884-2011","","-3.9","1926","1884-2011","","21.3","1986","1884-2011","","21.3","1986","1884-2011","","14.2","1925","1884-2011","","3","1965","1955-2011",""
"-114.02","51.11","CALGARY INT'L A","3031093","9","17","17.2","3.6","30.0","31.3","1981","1884-2011","","-3.3","1965","1884-2011","","13.8","1996","1884-2011","","13.8","1996","1884-2011","","5.8","1943","1884-2011","","5","2003","1955-2011",""
"-114.02","51.11","CALGARY INT'L A","3031093","9","18","17.0","3.5","30.0","32.2","1981","1884-2011","","-3.9","1957","1884-2011","","18.0","1968","1884-2011","","18.0","1968","1884-2011","","15.5","1947","1884-2011","","1","1995","1955-2011",""
"-114.02","51.11","CALGARY INT'L A","3031093","9","19","16.9","3.3","30.0","31.1","1938","1884-2011","","-3.6","1983","1884-2011","","26.4","1981","1884-2011","","26.4","1981","1884-2011","","22.9","1895","1884-2011","","2","1985","1955-2011",""
"-114.02","51.11","CALGARY INT'L A","3031093","9","20","16.7","3.1","30.0","29.4","1922","1884-2011","","-7.8","1934","1884-2011","","30.5","1945","1884-2011","","28.2","1945","1884-2011","","11.2","1955","1884-2011","","0","1955","1955-2011",""
"-114.02","51.11","CALGARY INT'L A","3031093","9","21","16.6","3.0","30.0","28.9","1938","1884-2011","","-6.7","1926","1884-2011","","21.3","1969","1884-2011","","21.3","1969","1884-2011","","11.9","1945","1884-2011","","5","1955","1955-2011",""
"-114.02","51.11","CALGARY INT'L A","3031093","9","22","16.4","2.8","30.0","29.0","1994","1884-2011","","-7.8","2000","1884-2011","","14.7","1940","1884-2011","","14.7","1940","1884-2011","","12.7","1926","1884-2011","","7","1955","1955-2011",""
"-114.02","51.11","CALGARY INT'L A","3031093","9","23","16.3","2.7","30.0","33.2","2009","1884-2011","","-11.7","1926","1884-2011","","28.2","1900","1884-2011","","28.2","1900","1884-2011","","10.7","1930","1884-2011","","3","1984","1955-2011",""
"-114.02","51.11","CALGARY INT'L A","3031093","9","24","16.2","2.5","30.0","31.9","2001","1884-2011","","-13.3","1926","1884-2011","","10.7","1908","1884-2011","","7.1","1915","1884-2011","","10.7","1908","1884-2011","","5","1972","1955-2011",""
"-114.02","51.11","CALGARY INT'L A","3031093","9","25","16.0","2.4","30.0","31.1","1922","1884-2011","","-12.2","1934","1884-2011","","60.7","1986","1884-2011","","55.6","1986","1884-2011","","11.4","1951","1884-2011","","8","1972","1955-2011",""
"-114.02","51.11","CALGARY INT'L A","3031093","9","26","15.9","2.2","30.0","30.0","1952","1884-2011","","-8.3","1900","1884-2011","","24.8","1982","1884-2011","","24.8","1982","1884-2011","","15.5","1925","1884-2011","","10","1965","1955-2011",""
"-114.02","51.11","CALGARY INT'L A","3031093","9","27","15.8","2.1","30.0","31.7","1967","1884-2011","","-9.4","1941","1884-2011","","6.6","1895","1884-2011","","6.6","1895","1884-2011","","6.6","1925","1884-2011","","10","1965","1955-2011",""
"-114.02","51.11","CALGARY INT'L A","3031093","9","28","15.6","1.9","30.0","28.9","1890","1884-2011","","-9.0","1985","1884-2011","","19.8","1925","1884-2011","","7.1","1897","1884-2011","","19.8","1925","1884-2011","","5","1965","1955-2011",""
"-114.02","51.11","CALGARY INT'L A","3031093","9","29","15.5","1.8","30.0","29.4","1888","1884-2011","","-8.3","1884","1884-2011","","15.5","1925","1884-2011","","6.0","1977","1884-2011","","15.5","1925","1884-2011","","0","1955","1955-2011",""
"-114.02","51.11","CALGARY INT'L A","3031093","9","30","15.4","1.7","30.0","30.0","1920","1884-2011","","-8.6","1983","1884-2011","","11.4","1891","1884-2011","","11.4","1891","1884-2011","","10.4","1925","1884-2011","","0","1955","1955-2011",""
"-114.02","51.11","CALGARY INT'L A","3031093","10","1","15.3","1.5","23.0","27.2","2008","1884-2011","","-7.2","1925","1884-2011","","45.7","1915","1884-2011","","45.7","1915","1884-2011","","15.2","1996","1884-2011","","8","1996","1955-2011",""
"-114.02","51.11","CALGARY INT'L A","3031093","10","2","15.2","1.4","23.0","29.4","1943","1884-2011","","-11.7","1891","1884-2011","","11.2","1946","1884-2011","","11.2","1946","1884-2011","","4.6","1954","1884-2011","","8","1996","1955-2011",""
"-114.02","51.11","CALGARY INT'L A","3031093","10","3","15.0","1.2","23.0","29.4","1913","1884-2011","","-11.7","1900","1884-2011","","23.4","1938","1884-2011","","23.4","1938","1884-2011","","11.2","1957","1884-2011","","0","1955","1955-2011",""
"-114.02","51.11","CALGARY INT'L A","3031093","10","4","14.9","1.1","23.0","28.3","1943","1884-2011","","-13.3","1954","1884-2011","","29.7","1914","1884-2011","","6.6","1992","1884-2011","","29.7","1914","1884-2011","","13","1957","1955-2011",""
"-114.02","51.11","CALGARY INT'L A","3031093","10","5","14.8","0.9","23.0","29.4","1889","1884-2011","","-10.0","1954","1884-2011","","18.3","1970","1884-2011","","9.7","1970","1884-2011","","9.1","1914","1884-2011","","10","1957","1955-2011",""
"-114.02","51.11","CALGARY INT'L A","3031093","10","6","14.6","0.8","23.0","29.4","1889","1884-2011","","-15.6","1900","1884-2011","","7.8","2011","1884-2011","","7.8","2011","1884-2011","","2.8","1985","1884-2011","","10","1957","1955-2011",""
"-114.02","51.11","CALGARY INT'L A","3031093","10","7","14.4","0.6","23.0","29.4","1933","1884-2011","","-9.4","1970","1884-2011","","10.8","1997","1884-2011","","8.9","1926","1884-2011","","14.2","1961","1884-2011","","8","1957","1955-2011",""
"-114.02","51.11","CALGARY INT'L A","3031093","10","8","14.3","0.4","23.0","26.7","1984","1884-2011","","-10.0","2009","1884-2011","","16.0","1960","1884-2011","","6.9","1947","1884-2011","","11.9","1960","1884-2011","","8","1957","1955-2011",""
"-114.02","51.11","CALGARY INT'L A","3031093","10","9","14.1","0.2","23.0","24.4","1921","1884-2011","","-17.2","1932","1884-2011","","16.8","1949","1884-2011","","9.1","1896","1884-2011","","15.2","1924","1884-2011","","5","1957","1955-2011",""
"-114.02","51.11","CALGARY INT'L A","3031093","10","10","13.9","0.1","23.0","28.9","1934","1884-2011","","-11.7","1972","1884-2011","","18.5","1927","1884-2011","","18.5","1927","1884-2011","","12.7","1899","1884-2011","","6","1997","1955-2011",""
"-114.02","51.11","CALGARY INT'L A","3031093","10","11","13.7","-0.2","23.0","29.4","1934","1884-2011","","-12.9","2009","1884-2011","","10.2","1899","1884-2011","","9.7","1951","1884-2011","","10.2","1899","1884-2011","","3","1972","1955-2011",""
"-114.02","51.11","CALGARY INT'L A","3031093","10","12","13.4","-0.4","23.0","27.8","1964","1884-2011","","-16.3","2009","1884-2011","","8.6","1952","1884-2011","","8.6","1952","1884-2011","","11.7","1966","1884-2011","","3","1968","1955-2011",""
"-114.02","51.11","CALGARY INT'L A","3031093","10","13","13.2","-0.6","23.0","26.7","1964","1884-2011","","-12.2","1928","1884-2011","","17.0","1971","1884-2011","","12.1","1980","1884-2011","","14.2","1971","1884-2011","","8","1966","1955-2011",""
"-114.02","51.11","CALGARY INT'L A","3031093","10","14","13.0","-0.8","23.0","28.3","1945","1884-2011","","-15.6","1899","1884-2011","","12.8","1994","1884-2011","","11.6","1994","1884-2011","","12.2","1913","1884-2011","","7","2009","1955-2011",""
"-114.02","51.11","CALGARY INT'L A","3031093","10","15","12.7","-1.0","23.0","26.1","1945","1884-2011","","-11.8","2001","1884-2011","","7.6","1993","1884-2011","","5.1","1985","1884-2011","","6.4","1930","1884-2011","","8","2009","1955-2011",""
"-114.02","51.11","CALGARY INT'L A","3031093","10","16","12.5","-1.2","23.0","25.6","1929","1884-2011","","-14.4","1930","1884-2011","","13.2","1892","1884-2011","","2.3","1918","1884-2011","","13.2","1892","1884-2011","","4","2009","1955-2011",""
"-114.02","51.11","CALGARY INT'L A","3031093","10","17","12.2","-1.4","23.0","24.4","1963","1884-2011","","-13.9","1892","1884-2011","","11.7","1904","1884-2011","","5.6","1928","1884-2011","","11.7","1904","1884-2011","","5","2006","1955-2011",""
"-114.02","51.11","CALGARY INT'L A","3031093","10","18","12.0","-1.7","23.0","23.9","1942","1884-2011","","-15.6","1951","1884-2011","","13.0","1929","1884-2011","","12.4","1929","1884-2011","","12.2","1951","1884-2011","","2","1982","1955-2011",""
"-114.02","51.11","CALGARY INT'L A","3031093","10","19","11.7","-1.9","23.0","25.0","1921","1884-2011","","-16.1","1905","1884-2011","","11.4","1935","1884-2011","","3.2","2006","1884-2011","","11.4","1935","1884-2011","","6","2004","1955-2011",""
"-114.02","51.11","CALGARY INT'L A","3031093","10","20","11.4","-2.1","23.0","23.9","1940","1884-2011","","-14.0","1984","1884-2011","","4.1","1961","1884-2011","","3.2","2006","1884-2011","","5.6","1961","1884-2011","","10","1979","1955-2011",""
"-114.02","51.11","CALGARY INT'L A","3031093","10","21","11.1","-2.4","23.0","24.7","2003","1884-2011","","-17.8","1961","1884-2011","","23.9","1957","1884-2011","","5.6","1920","1884-2011","","23.9","1957","1884-2011","","9","1979","1955-2011",""
"-114.02","51.11","CALGARY INT'L A","3031093","10","22","10.8","-2.6","23.0","23.3","1965","1884-2011","","-13.9","1957","1884-2011","","18.0","1939","1884-2011","","5.1","1898","1884-2011","","18.0","1939","1884-2011","","23","1957","1955-2011",""
"-114.02","51.11","CALGARY INT'L A","3031093","10","23","10.4","-2.9","23.0","26.1","1903","1884-2011","","-17.2","1893","1884-2011","","15.2","1939","1884-2011","","10.2","1902","1884-2011","","15.2","1939","1884-2011","","18","1957","1955-2011",""
"-114.02","51.11","CALGARY INT'L A","3031093","10","24","10.1","-3.1","23.0","23.0","2007","1884-2011","","-22.2","1887","1884-2011","","16.8","1888","1884-2011","","5.4","1978","1884-2011","","16.8","1888","1884-2011","","18","1957","1955-2011",""
"-114.02","51.11","CALGARY INT'L A","3031093","10","25","9.8","-3.4","23.0","22.8","1929","1884-2011","","-22.2","1939","1884-2011","","9.9","1972","1884-2011","","5.1","1906","1884-2011","","11.6","1991","1884-2011","","18","1957","1955-2011",""
"-114.02","51.11","CALGARY INT'L A","3031093","10","26","9.4","-3.7","23.0","23.9","1904","1881-2011","","-20.6","1939","1881-2011","","17.3","1956","1881-2011","","4.6","1981","1881-2011","","17.3","1956","1881-2011","","13","1957","1955-2011",""
"-114.02","51.11","CALGARY INT'L A","3031093","10","27","9.1","-3.9","23.0","21.1","1944","1881-2011","","-21.7","1919","1881-2011","","15.2","1961","1881-2011","","4.4","2003","1881-2011","","16.5","1961","1881-2011","","15","1991","1955-2011",""
"-114.02","51.11","CALGARY INT'L A","3031093","10","28","8.7","-4.2","23.0","21.7","1953","1881-2011","","-25.0","1991","1881-2011","","10.2","1935","1881-2011","","8.4","1906","1881-2011","","10.2","1935","1881-2011","","15","1961","1955-2011",""
"-114.02","51.11","CALGARY INT'L A","3031093","10","29","8.3","-4.5","23.0","25.0","1887","1881-2011","","-24.3","1984","1881-2011","","10.0","2003","1881-2011","","7.9","1920","1881-2011","","12.2","2003","1881-2011","","13","1961","1955-2011",""
"-114.02","51.11","CALGARY INT'L A","3031093","10","30","7.9","-4.8","23.0","24.4","1887","1881-2011","","-23.9","1984","1881-2011","","6.4","1933","1881-2011","","3.6","1937","1881-2011","","6.4","1933","1881-2011","","10","1991","1955-2011",""
"-114.02","51.11","CALGARY INT'L A","3031093","10","31","7.5","-5.1","23.0","21.1","1958","1881-2011","","-25.7","1984","1881-2011","","6.6","1967","1881-2011","","3.0","1968","1881-2011","","9.1","1967","1881-2011","","8","1991","1955-2011",""
"-114.02","51.11","CALGARY INT'L A","3031093","11","1","7.1","-5.4","25.0","20.8","1978","1881-2011","","-27.0","1984","1881-2011","","7.2","1998","1881-2011","","5.4","1998","1881-2011","","5.1","1901","1881-2011","","8","1991","1955-2011",""
"-114.02","51.11","CALGARY INT'L A","3031093","11","2","6.7","-5.7","25.0","21.7","1969","1881-2011","","-23.7","1991","1881-2011","","11.4","1933","1881-2011","","2.6","1977","1881-2011","","11.4","1933","1881-2011","","8","1967","1955-2011",""
"-114.02","51.11","CALGARY INT'L A","3031093","11","3","6.3","-6.0","25.0","21.7","1930","1881-2011","","-18.1","1991","1881-2011","","15.0","1959","1881-2011","","1.6","1993","1881-2011","","15.0","1959","1881-2011","","8","1967","1955-2011",""
"-114.02","51.11","CALGARY INT'L A","3031093","11","4","6.0","-6.3","25.0","22.8","1975","1881-2011","","-22.8","2003","1881-2011","","28.2","1945","1881-2011","","3.8","1989","1881-2011","","27.7","1945","1881-2011","","18","1959","1955-2011",""
"-114.02","51.11","CALGARY INT'L A","3031093","11","5","5.6","-6.6","25.0","21.1","1923","1881-2011","","-24.4","1973","1881-2011","","19.8","1914","1881-2011","","1.4","1986","1881-2011","","19.8","1914","1881-2011","","13","1973","1955-2011",""
"-114.02","51.11","CALGARY INT'L A","3031093","11","6","5.2","-6.8","25.0","21.7","1949","1881-2011","","-27.2","1945","1881-2011","","7.6","1898","1881-2011","","2.3","1988","1881-2011","","8.9","1963","1881-2011","","15","1973","1955-2011",""
"-114.02","51.11","CALGARY INT'L A","3031093","11","7","4.9","-7.1","25.0","21.2","1999","1881-2011","","-28.9","1973","1881-2011","","13.5","1921","1881-2011","","1.8","2006","1881-2011","","13.5","1921","1881-2011","","15","1973","1955-2011",""
"-114.02","51.11","CALGARY INT'L A","3031093","11","8","4.6","-7.4","25.0","21.1","1923","1881-2011","","-31.1","1945","1881-2011","","7.8","1992","1881-2011","","1.0","2010","1881-2011","","12.6","1978","1881-2011","","15","1973","1955-2011",""
"-114.02","51.11","CALGARY INT'L A","3031093","11","9","4.3","-7.6","25.0","21.1","1905","1881-2011","","-23.3","1902","1881-2011","","12.7","1965","1881-2011","","1.0","1946","1881-2011","","16.0","1965","1881-2011","","17","1992","1955-2011",""
"-114.02","51.11","CALGARY INT'L A","3031093","11","10","3.9","-7.9","25.0","20.0","1905","1881-2011","","-29.4","1911","1881-2011","","11.4","1938","1881-2011","","0.4","2004","1881-2011","","11.4","1938","1881-2011","","18","1992","1955-2011",""
"-114.02","51.11","CALGARY INT'L A","3031093","11","11","3.6","-8.1","25.0","19.4","1894","1881-2011","","-29.4","1940","1881-2011","","10.7","1930","1881-2011","","5.6","1948","1881-2011","","10.7","1930","1881-2011","","15","1965","1955-2011",""
"-114.02","51.11","CALGARY INT'L A","3031093","11","12","3.3","-8.3","25.0","20.0","1934","1881-2011","","-29.4","1955","1881-2011","","8.4","1937","1881-2011","","0.4","1989","1881-2011","","8.9","1970","1881-2011","","15","1965","1955-2011",""
"-114.02","51.11","CALGARY INT'L A","3031093","11","13","3.1","-8.6","25.0","18.9","1894","1881-2011","","-32.2","1955","1881-2011","","35.6","1914","1881-2011","","0.3","1996","1881-2011","","35.6","1914","1881-2011","","14","1994","1955-2011",""
"-114.02","51.11","CALGARY INT'L A","3031093","11","14","2.8","-8.8","25.0","18.7","1979","1881-2011","","-27.2","1911","1881-2011","","10.5","1996","1881-2011","","0.0","1881","1881-2011","","13.0","1996","1881-2011","","13","1965","1955-2011",""
"-114.02","51.11","CALGARY INT'L A","3031093","11","15","2.5","-9.0","25.0","19.0","1979","1881-2011","","-28.9","1959","1881-2011","","30.5","1896","1881-2011","","1.2","2008","1881-2011","","30.5","1896","1881-2011","","25","1965","1955-2011",""
"-114.02","51.11","CALGARY INT'L A","3031093","11","16","2.3","-9.2","25.0","19.4","1943","1881-2011","","-27.8","1896","1881-2011","","15.2","1900","1881-2011","","1.0","1899","1881-2011","","16.0","1966","1881-2011","","25","1965","1955-2011",""
"-114.02","51.11","CALGARY INT'L A","3031093","11","17","2.1","-9.4","25.0","16.7","1908","1881-2011","","-27.8","1896","1881-2011","","15.2","1929","1881-2011","","0.4","1999","1881-2011","","15.2","1929","1881-2011","","25","1965","1955-2011",""
"-114.02","51.11","CALGARY INT'L A","3031093","11","18","1.8","-9.6","25.0","21.1","1936","1881-2011","","-33.9","1896","1881-2011","","16.5","1926","1881-2011","","0.6","2005","1881-2011","","16.5","1926","1881-2011","","23","1965","1955-2011",""
"-114.02","51.11","CALGARY INT'L A","3031093","11","19","1.6","-9.8","25.0","20.0","1936","1881-2011","","-33.3","1896","1881-2011","","30.5","1892","1881-2011","","0.4","2001","1881-2011","","30.5","1892","1881-2011","","23","1965","1955-2011",""
"-114.02","51.11","CALGARY INT'L A","3031093","11","20","1.4","-10.0","25.0","17.3","2002","1881-2011","","-34.4","1900","1881-2011","","15.2","1893","1881-2011","","2.5","1967","1881-2011","","15.2","1893","1881-2011","","17","1996","1955-2011",""
"-114.02","51.11","CALGARY INT'L A","3031093","11","21","1.2","-10.2","25.0","20.0","1954","1881-2011","","-32.2","1921","1881-2011","","7.6","1886","1881-2011","","0.3","1957","1881-2011","","8.4","1966","1881-2011","","17","1996","1955-2011",""
"-114.02","51.11","CALGARY INT'L A","3031093","11","22","1.1","-10.4","25.0","20.0","2005","1881-2011","","-34.4","1886","1881-2011","","10.2","1896","1881-2011","","3.0","1947","1881-2011","","10.2","1896","1881-2011","","20","1966","1955-2011",""
"-114.02","51.11","CALGARY INT'L A","3031093","11","23","0.9","-10.6","25.0","17.7","2005","1881-2011","","-32.2","1900","1881-2011","","9.4","1942","1881-2011","","1.4","1988","1881-2011","","9.4","1942","1881-2011","","20","1966","1955-2011",""
"-114.02","51.11","CALGARY INT'L A","3031093","11","24","0.7","-10.7","25.0","17.0","2005","1881-2011","","-29.2","2010","1881-2011","","6.9","2001","1881-2011","","0.8","1959","1881-2011","","9.2","2001","1881-2011","","20","1996","1955-2011",""
"-114.02","51.11","CALGARY INT'L A","3031093","11","25","0.6","-10.9","25.0","16.1","1922","1881-2011","","-31.7","1892","1881-2011","","15.2","1894","1881-2011","","0.2","1983","1881-2011","","15.2","1894","1881-2011","","20","1965","1955-2011",""
"-114.02","51.11","CALGARY INT'L A","3031093","11","26","0.4","-11.0","25.0","18.3","1922","1881-2011","","-33.8","1985","1881-2011","","22.9","1905","1881-2011","","0.6","1998","1881-2011","","22.9","1905","1881-2011","","20","1965","1955-2011",""
"-114.02","51.11","CALGARY INT'L A","3031093","11","27","0.3","-11.2","25.0","18.3","1922","1881-2011","","-32.2","1897","1881-2011","","9.2","1992","1881-2011","","9.2","1992","1881-2011","","9.1","1976","1881-2011","","20","1965","1955-2011",""
"-114.02","51.11","CALGARY INT'L A","3031093","11","28","0.2","-11.3","25.0","16.1","1924","1881-2011","","-30.1","2006","1881-2011","","9.1","1976","1881-2011","","1.2","1992","1881-2011","","11.2","1996","1881-2011","","18","1965","1955-2011",""
"-114.02","51.11","CALGARY INT'L A","3031093","11","29","0.1","-11.5","25.0","16.7","1924","1881-2011","","-31.7","1905","1881-2011","","15.0","1887","1881-2011","","0.0","1881","1881-2011","","15.0","1887","1881-2011","","23","1976","1955-2011",""
"-114.02","51.11","CALGARY INT'L A","3031093","11","30","0.0","-11.6","25.0","20.6","1918","1881-2011","","-35.0","1893","1881-2011","","17.8","1897","1881-2011","","0.0","1881","1881-2011","","17.8","1897","1881-2011","","22","1996","1955-2011",""
"-114.02","51.11","CALGARY INT'L A","3031093","12","1","-0.1","-11.7","22.0","15.2","1988","1881-2011","","-32.2","1919","1881-2011","","15.2","1902","1881-2011","","0.0","1881","1881-2011","","19.1","1972","1881-2011","","22","1996","1955-2011",""
"-114.02","51.11","CALGARY INT'L A","3031093","12","2","-0.2","-11.8","22.0","14.4","1941","1881-2011","","-30.0","1919","1881-2011","","6.6","1949","1881-2011","","0.4","2002","1881-2011","","8.1","1980","1881-2011","","22","1996","1955-2011",""
"-114.02","51.11","CALGARY INT'L A","3031093","12","3","-0.3","-12.0","22.0","12.8","1939","1881-2011","","-32.8","1970","1881-2011","","9.7","1948","1881-2011","","6.4","1885","1881-2011","","9.7","1948","1881-2011","","23","1980","1955-2011",""
"-114.02","51.11","CALGARY INT'L A","3031093","12","4","-0.3","-12.1","22.0","18.0","1988","1881-2011","","-33.3","1972","1881-2011","","14.7","1918","1881-2011","","0.4","1987","1881-2011","","14.7","1918","1881-2011","","28","1980","1955-2011",""
"-114.02","51.11","CALGARY INT'L A","3031093","12","5","-0.4","-12.2","22.0","19.4","1939","1881-2011","","-33.3","1956","1881-2011","","21.6","1927","1881-2011","","1.0","1989","1881-2011","","21.6","1927","1881-2011","","28","1980","1955-2011",""
"-114.02","51.11","CALGARY INT'L A","3031093","12","6","-0.5","-12.3","22.0","16.1","1984","1881-2011","","-34.4","1956","1881-2011","","11.9","1963","1881-2011","","0.3","1944","1881-2011","","11.9","1963","1881-2011","","29","1980","1955-2011",""
"-114.02","51.11","CALGARY INT'L A","3031093","12","7","-0.6","-12.4","22.0","16.7","1925","1881-2011","","-36.7","1972","1881-2011","","10.8","2008","1881-2011","","0.0","1881","1881-2011","","10.8","2008","1881-2011","","27","1980","1955-2011",""
"-114.02","51.11","CALGARY INT'L A","3031093","12","8","-0.7","-12.6","22.0","15.6","1957","1881-2011","","-36.7","1977","1881-2011","","5.3","1923","1881-2011","","0.0","1881","1881-2011","","5.3","1923","1881-2011","","23","1980","1955-2011",""
"-114.02","51.11","CALGARY INT'L A","3031093","12","9","-0.8","-12.7","22.0","14.4","1890","1881-2011","","-35.7","1977","1881-2011","","13.7","1949","1881-2011","","0.2","1990","1881-2011","","17.0","1975","1881-2011","","20","1972","1955-2011",""
"-114.02","51.11","CALGARY INT'L A","3031093","12","10","-0.8","-12.8","22.0","15.0","1993","1881-2011","","-35.6","1919","1881-2011","","14.5","1893","1881-2011","","0.4","1990","1881-2011","","14.5","1893","1881-2011","","20","1972","1955-2011",""
"-114.02","51.11","CALGARY INT'L A","3031093","12","11","-0.9","-12.9","22.0","12.5","1980","1881-2011","","-34.4","1922","1881-2011","","21.8","1889","1881-2011","","1.3","1951","1881-2011","","21.8","1889","1881-2011","","21","1995","1955-2011",""
"-114.02","51.11","CALGARY INT'L A","3031093","12","12","-1.0","-13.0","22.0","13.9","1962","1881-2011","","-34.4","1893","1881-2011","","10.2","1901","1881-2011","","0.0","1881","1881-2011","","13.8","1985","1881-2011","","22","1995","1955-2011",""
"-114.02","51.11","CALGARY INT'L A","3031093","12","13","-1.1","-13.1","22.0","15.2","1998","1881-2011","","-32.8","1893","1881-2011","","15.2","1901","1881-2011","","0.6","1989","1881-2011","","15.2","1901","1881-2011","","24","1995","1955-2011",""
"-114.02","51.11","CALGARY INT'L A","3031093","12","14","-1.2","-13.2","22.0","16.1","1952","1881-2011","","-32.4","2009","1881-2011","","10.2","1897","1881-2011","","0.6","1989","1881-2011","","10.2","1897","1881-2011","","23","1995","1955-2011",""
"-114.02","51.11","CALGARY INT'L A","3031093","12","15","-1.3","-13.3","22.0","16.4","1980","1881-2011","","-34.4","1924","1881-2011","","15.2","1901","1881-2011","","0.0","1881","1881-2011","","15.2","1901","1881-2011","","23","1995","1955-2011",""
"-114.02","51.11","CALGARY INT'L A","3031093","12","16","-1.3","-13.4","22.0","17.4","1980","1881-2011","","-42.2","1924","1881-2011","","5.1","1970","1881-2011","","0.0","1881","1881-2011","","8.4","1970","1881-2011","","22","1995","1955-2011",""
"-114.02","51.11","CALGARY INT'L A","3031093","12","17","-1.4","-13.6","22.0","13.9","1953","1881-2011","","-42.8","1924","1881-2011","","9.1","1971","1881-2011","","0.0","1881","1881-2011","","13.0","1971","1881-2011","","25","2008","1955-2011",""
"-114.02","51.11","CALGARY INT'L A","3031093","12","18","-1.5","-13.7","22.0","14.4","1954","1881-2011","","-36.1","1955","1881-2011","","6.6","1960","1881-2011","","0.8","1946","1881-2011","","12.7","1960","1881-2011","","27","2008","1955-2011",""
"-114.02","51.11","CALGARY INT'L A","3031093","12","19","-1.6","-13.8","22.0","17.2","1954","1881-2011","","-33.3","1921","1881-2011","","11.6","1995","1881-2011","","3.4","1995","1881-2011","","9.4","1995","1881-2011","","28","2008","1955-2011",""
"-114.02","51.11","CALGARY INT'L A","3031093","12","20","-1.7","-13.9","22.0","13.9","1954","1881-2011","","-35.0","1921","1881-2011","","11.7","1953","1881-2011","","1.5","1939","1881-2011","","11.7","1953","1881-2011","","29","2008","1955-2011",""
"-114.02","51.11","CALGARY INT'L A","3031093","12","21","-1.8","-14.0","22.0","16.1","1954","1881-2011","","-35.6","1884","1881-2011","","8.4","1955","1881-2011","","0.0","1881","1881-2011","","8.4","1955","1881-2011","","29","2008","1955-2011",""
"-114.02","51.11","CALGARY INT'L A","3031093","12","22","-1.8","-14.1","22.0","13.3","1899","1881-2011","","-39.4","1884","1881-2011","","12.7","1933","1881-2011","","0.0","1881","1881-2011","","12.7","1933","1881-2011","","22","1955","1955-2011",""
"-114.02","51.11","CALGARY INT'L A","3031093","12","23","-1.9","-14.2","22.0","14.5","1999","1881-2011","","-36.7","1884","1881-2011","","5.1","1935","1881-2011","","0.0","1881","1881-2011","","5.1","1935","1881-2011","","25","1955","1955-2011",""
"-114.02","51.11","CALGARY INT'L A","3031093","12","24","-2.0","-14.3","22.0","17.6","1999","1881-2011","","-36.1","1983","1881-2011","","5.1","1937","1881-2011","","2.5","1903","1881-2011","","5.1","1937","1881-2011","","25","1955","1955-2011",""
"-114.02","51.11","CALGARY INT'L A","3031093","12","25","-2.1","-14.4","22.0","14.8","1985","1881-2011","","-35.0","1886","1881-2011","","10.2","1923","1881-2011","","0.5","1899","1881-2011","","10.2","1923","1881-2011","","25","1955","1955-2011",""
"-114.02","51.11","CALGARY INT'L A","3031093","12","26","-2.2","-14.4","22.0","13.8","1999","1881-2011","","-35.6","1886","1881-2011","","10.2","1923","1881-2011","","0.0","1881","1881-2011","","10.2","1923","1881-2011","","25","1955","1955-2011",""
"-114.02","51.11","CALGARY INT'L A","3031093","12","27","-2.2","-14.5","22.0","19.5","1999","1881-2011","","-36.1","1968","1881-2011","","10.2","1895","1881-2011","","0.4","1980","1881-2011","","10.2","1895","1881-2011","","23","1955","1955-2011",""
"-114.02","51.11","CALGARY INT'L A","3031093","12","28","-2.3","-14.6","22.0","16.9","1999","1881-2011","","-38.9","1968","1881-2011","","20.3","1886","1881-2011","","0.4","1994","1881-2011","","20.3","1886","1881-2011","","26","1996","1955-2011",""
"-114.02","51.11","CALGARY INT'L A","3031093","12","29","-2.4","-14.7","22.0","16.1","1956","1881-2011","","-38.1","1996","1881-2011","","7.6","1924","1881-2011","","0.0","1881","1881-2011","","10.4","2002","1881-2011","","26","1996","1955-2011",""
"-114.02","51.11","CALGARY INT'L A","3031093","12","30","-2.5","-14.8","22.0","10.6","1963","1881-2011","","-37.2","1923","1881-2011","","12.4","1975","1881-2011","","0.0","1881","1881-2011","","16.3","1975","1881-2011","","30","1996","1955-2011",""
"-114.02","51.11","CALGARY INT'L A","3031093","12","31","-2.6","-14.9","22.0","13.3","1958","1881-2011","","-35.6","1927","1881-2011","","14.0","1953","1881-2011","","0.0","1881","1881-2011","","14.0","1953","1881-2011","","30","1996","1955-2011",""
